code,name,system,signal,entry_signal,fresh_entry_signal,exit_signal,watch_signal,close,n_high,n_low,n_high_ratio,atr,high,entry_price
0000Y0,HK 26-12 회사채(AA-이상)액티브,System1(단기),관심,False,False,False,True,102070.0,102075.0,101960.0,1.0,19.25,,
0000Y0,HK 26-12 회사채(AA-이상)액티브,System2(중장기),관심,False,False,False,True,102070.0,102075.0,101825.0,1.0,19.25,,
0000H0,KODEX 인도Nifty미드캡100,System1(단기),청산,False,False,True,False,9535.0,10550.0,9550.0,0.908,151.0,,
0000H0,KODEX 인도Nifty미드캡100,System2(중장기),청산,False,False,True,False,9535.0,11439.0,9550.0,0.837,151.0,,
000040,KR모터스,System1(단기),청산,False,False,True,False,1020.0,1539.0,1005.0,0.677,134.9,,
000105,유한양행우,System1(단기),청산,False,False,True,False,64100.0,77200.0,64000.0,0.839,2145.0,,
000105,유한양행우,System2(중장기),청산,False,False,True,False,64100.0,77200.0,64000.0,0.839,2145.0,,
000087,하이트진로2우B,System1(단기),청산,False,False,True,False,12280.0,13000.0,12140.0,0.947,189.75,,
000087,하이트진로2우B,System2(중장기),청산,False,False,True,False,12280.0,13000.0,12140.0,0.947,189.75,,
000080,하이트진로,System1(단기),청산,False,False,True,False,14750.0,15830.0,14820.0,0.958,274.0,,
000080,하이트진로,System2(중장기),청산,False,False,True,False,14750.0,15970.0,14820.0,0.95,274.0,,
000145,하이트진로홀딩스우,System1(단기),관심,False,False,False,True,9100.0,9350.0,9000.0,0.994,102.5,,
000100,유한양행,System1(단기),청산,False,False,True,False,73300.0,84700.0,72500.0,0.87,2000.0,,
000100,유한양행,System2(중장기),청산,False,False,True,False,73300.0,87500.0,72500.0,0.842,2000.0,,
000215,DL우,System1(단기),청산,False,False,True,False,24450.0,26450.0,24150.0,0.945,852.5,,
0004G0,1Q 미국배당TOP30,System1(단기),청산,False,False,True,False,8560.0,9154.0,8535.0,0.94,87.1,,
0004G0,1Q 미국배당TOP30,System2(중장기),청산,False,False,True,False,8560.0,9820.0,8535.0,0.876,87.1,,
000240,한국앤컴퍼니,System1(단기),관심,False,False,False,True,24950.0,25400.0,23850.0,0.996,747.5,,
000390,SP삼화,System1(단기),관심,False,False,False,True,7060.0,7250.0,6570.0,0.992,244.0,,
000390,SP삼화,System2(중장기),관심,False,False,False,True,7060.0,7250.0,6310.0,0.992,244.0,,
000370,한화손해보험,System1(단기),청산,False,False,True,False,7370.0,9290.0,7500.0,0.849,446.25,,
000370,한화손해보험,System2(중장기),청산,False,False,True,False,7370.0,9290.0,7500.0,0.849,446.25,,
0005G0,IBK K-AI반도체코어테크,System1(단기),관심,False,False,False,True,54890.0,56220.0,48585.0,0.994,2077.25,,
000545,흥국화재우,System1(단기),청산,False,False,True,False,5560.0,5990.0,5600.0,0.935,185.0,,
000590,CS홀딩스,System1(단기),관심,False,False,False,True,69200.0,70500.0,66100.0,0.996,1600.0,,
0007F0,KODEX 27-12 회사채(AA-이상)액티브,System1(단기),관심,False,False,False,True,10180.0,10210.0,10175.0,0.998,14.5,,
0007F0,KODEX 27-12 회사채(AA-이상)액티브,System2(중장기),관심,False,False,False,True,10180.0,10210.0,10170.0,0.998,14.5,,
0007G0,PLUS 글로벌원자력밸류체인,System1(단기),청산,False,False,True,False,12100.0,14080.0,12025.0,0.859,373.0,,
0007G0,PLUS 글로벌원자력밸류체인,System2(중장기),청산,False,False,True,False,12100.0,15055.0,12025.0,0.804,373.0,,
000810,삼성화재,System1(단기),청산,False,False,True,False,634000.0,705000.0,642000.0,0.936,27050.0,,
000815,삼성화재우,System1(단기),청산,False,False,True,False,398500.0,452000.0,399500.0,0.896,10850.0,,
000815,삼성화재우,System2(중장기),청산,False,False,True,False,398500.0,452000.0,399500.0,0.896,10850.0,,
0008S0,TIGER 미국배당다우존스타겟데일리커버드,System1(단기),청산,False,False,True,False,9370.0,10020.0,9365.0,0.938,98.0,,
0008S0,TIGER 미국배당다우존스타겟데일리커버드,System2(중장기),청산,False,False,True,False,9370.0,10334.0,9365.0,0.91,98.0,,
0008T0,SOL 화장품TOP3플러스,System1(단기),청산,False,False,True,False,17115.0,21035.0,17085.0,0.847,711.25,,
00088K,한화3우B,System1(단기),청산,False,False,True,False,38750.0,43750.0,38550.0,0.905,2117.5,,
000990,DB하이텍,System1(단기),관심,False,False,False,True,134800.0,141900.0,106500.0,0.994,8340.0,,
000990,DB하이텍,System2(중장기),관심,False,False,False,True,134800.0,141900.0,86100.0,0.994,8340.0,,
001120,LX인터내셔널,System1(단기),진입,True,True,False,False,42950.0,42750.0,39600.0,1.018,1477.5,,
001120,LX인터내셔널,System2(중장기),진입,True,True,False,False,42950.0,42750.0,37800.0,1.018,1477.5,,
001210,금호전기,System1(단기),청산,False,False,True,False,9430.0,14350.0,9580.0,0.691,1256.0,,
001210,금호전기,System2(중장기),청산,False,False,True,False,9430.0,14350.0,9580.0,0.691,1256.0,,
0013R0,RISE 테슬라미국채타겟커버드콜혼합(합성),System1(단기),청산,False,False,True,False,7360.0,7941.0,7405.0,0.953,178.05,,
0013R0,RISE 테슬라미국채타겟커버드콜혼합(합성),System2(중장기),청산,False,False,True,False,7360.0,8937.0,7405.0,0.847,178.05,,
0013P0,RISE 미국은행TOP10,System1(단기),청산,False,False,True,False,11570.0,12903.0,11625.0,0.901,213.9,,
0013P0,RISE 미국은행TOP10,System2(중장기),청산,False,False,True,False,11570.0,14212.0,11625.0,0.818,213.9,,
001275,부국증권우,System1(단기),관심,False,False,False,True,30150.0,30450.0,30000.0,0.997,207.5,,
001465,BYC우,System1(단기),청산,False,False,True,False,26000.0,28500.0,25850.0,0.916,682.5,,
001465,BYC우,System2(중장기),청산,False,False,True,False,26000.0,28500.0,25850.0,0.916,682.5,,
001470,삼부토건,System1(단기),진입,True,True,True,False,5820.0,5820.0,0.0,0.0,5529.0,,
001470,삼부토건,System2(중장기),진입,True,True,True,False,5820.0,5820.0,0.0,0.0,5529.0,,
0016X0,SOL 중단기회사채(A-이상)액티브,System1(단기),관심,False,False,False,True,51500.0,51545.0,51455.0,0.999,31.25,,
0016X0,SOL 중단기회사채(A-이상)액티브,System2(중장기),관심,False,False,False,True,51500.0,51545.0,51455.0,0.999,31.25,,
0017Y0,1Q 종합채권(AA-이상)액티브,System1(단기),관심,False,False,False,True,94110.0,94200.0,93070.0,0.999,280.25,,
0017Y0,1Q 종합채권(AA-이상)액티브,System2(중장기),관심,False,False,False,True,94110.0,94620.0,93070.0,0.995,280.25,,
0018C0,PLUS 고배당주위클리고정커버드콜,System1(단기),청산,False,False,True,False,10355.0,10913.0,10365.0,0.963,168.05,,
0018C0,PLUS 고배당주위클리고정커버드콜,System2(중장기),청산,False,False,True,False,10355.0,10926.0,10365.0,0.962,168.05,,
001770,SHD,System1(단기),청산,False,False,True,False,4275.0,16500.0,0.0,0.0,2409.25,,
001770,SHD,System2(중장기),청산,False,False,True,False,4275.0,18630.0,0.0,0.0,2409.25,,
001800,오리온홀딩스,System1(단기),청산,False,False,True,False,23250.0,26250.0,23400.0,0.924,682.5,,
001800,오리온홀딩스,System2(중장기),청산,False,False,True,False,23250.0,28750.0,23400.0,0.843,682.5,,
001940,KISCO홀딩스,System1(단기),청산,False,False,True,False,25500.0,28500.0,25500.0,0.907,915.0,,
002020,코오롱,System1(단기),청산,False,False,True,False,23500.0,26450.0,23300.0,0.9,787.5,,
002020,코오롱,System2(중장기),청산,False,False,True,False,23500.0,45350.0,23300.0,0.525,787.5,,
002030,아세아,System1(단기),청산,False,False,True,False,200000.0,231000.0,203000.0,0.903,11610.0,,
002170,SYTS,System1(단기),청산,False,False,True,False,51700.0,59000.0,52100.0,0.9,2095.0,,
002170,SYTS,System2(중장기),청산,False,False,True,False,51700.0,59000.0,52100.0,0.9,2095.0,,
002355,넥센타이어1우B,System1(단기),관심,False,False,False,True,3935.0,4000.0,3880.0,0.99,49.0,,
002360,SH에너지화학,System1(단기),진입,True,True,False,False,3400.0,3385.0,1500.0,1.019,253.4,,
002360,SH에너지화학,System2(중장기),진입,True,True,False,False,3400.0,3385.0,1500.0,1.019,253.4,,
002690,동일제강,System1(단기),청산,False,False,True,False,1400.0,1573.0,1385.0,0.915,57.85,,
002690,동일제강,System2(중장기),청산,False,False,True,False,1400.0,1673.0,1385.0,0.86,57.85,,
002600,조흥,System1(단기),청산,False,False,True,False,137000.0,140900.0,136700.0,0.976,1600.0,,
002700,신일전자,System1(단기),관심,False,False,False,True,994.0,1009.0,919.0,0.991,22.3,,
002785,진흥기업우B,System1(단기),청산,False,False,True,False,8110.0,15900.0,8700.0,0.538,1511.0,,
002780,진흥기업,System1(단기),청산,False,False,True,False,6560.0,8480.0,6520.0,0.789,330.5,,
002780,진흥기업,System2(중장기),청산,False,False,True,False,6560.0,9190.0,6520.0,0.728,330.5,,
002795,아모레퍼시픽홀딩스우,System1(단기),관심,False,False,False,True,11200.0,11480.0,10730.0,0.992,221.5,,
002787,진흥기업2우B,System1(단기),청산,False,False,True,False,11690.0,33850.0,12120.0,0.352,2464.5,,
002787,진흥기업2우B,System2(중장기),청산,False,False,True,False,11690.0,40100.0,12120.0,0.297,2464.5,,
0028X0,KODEX 미국금융테크액티브,System1(단기),청산,False,False,True,False,10925.0,12080.0,10890.0,0.906,182.4,,
0028X0,KODEX 미국금융테크액티브,System2(중장기),청산,False,False,True,False,10925.0,12550.0,10890.0,0.872,182.4,,
002790,아모레퍼시픽홀딩스,System1(단기),청산,False,False,True,False,25700.0,28000.0,25600.0,0.959,887.5,,
002820,SUN&L,System1(단기),청산,False,False,True,False,1099.0,1830.0,1176.0,0.68,139.65,,
002820,SUN&L,System2(중장기),청산,False,False,True,False,1099.0,2485.0,1176.0,0.501,139.65,,
002920,유성기업,System1(단기),청산,False,False,True,False,1778.0,1895.0,1775.0,0.951,54.25,,
002920,유성기업,System2(중장기),청산,False,False,True,False,1778.0,1895.0,1745.0,0.951,54.25,,
002900,TYM,System1(단기),청산,False,False,True,False,6390.0,7570.0,6390.0,0.861,272.0,,
002900,TYM,System2(중장기),청산,False,False,True,False,6390.0,7570.0,6390.0,0.861,272.0,,
002990,금호건설,System1(단기),청산,False,False,True,False,12490.0,18840.0,12580.0,0.692,1066.0,,
002990,금호건설,System2(중장기),청산,False,False,True,False,12490.0,19380.0,12580.0,0.672,1066.0,,
003060,에이프로젠바이오로직스,System1(단기),청산,False,False,True,False,1479.0,2245.0,1486.0,0.677,103.9,,
003060,에이프로젠바이오로직스,System2(중장기),청산,False,False,True,False,1479.0,2455.0,1486.0,0.619,103.9,,
003080,SB성보,System1(단기),청산,False,False,True,False,2220.0,2300.0,2175.0,0.965,44.75,,
003080,SB성보,System2(중장기),청산,False,False,True,False,2220.0,2340.0,2175.0,0.949,44.75,,
003090,대웅,System1(단기),청산,False,False,True,False,15220.0,18040.0,15390.0,0.873,495.0,,
003090,대웅,System2(중장기),청산,False,False,True,False,15220.0,18970.0,15390.0,0.83,495.0,,
003220,대원제약,System1(단기),청산,False,False,True,False,7750.0,8960.0,7710.0,0.868,208.0,,
003220,대원제약,System2(중장기),청산,False,False,True,False,7750.0,8960.0,7710.0,0.868,208.0,,
003540,대신증권,System1(단기),청산,False,False,True,False,25350.0,30650.0,25400.0,0.845,812.5,,
003540,대신증권,System2(중장기),청산,False,False,True,False,25350.0,30650.0,25400.0,0.845,812.5,,
003547,대신증권2우B,System1(단기),청산,False,False,True,False,19260.0,20050.0,19260.0,0.978,390.5,,
0036Z0,RISE 미국천연가스밸류체인,System1(단기),청산,False,False,True,False,11720.0,12775.0,11775.0,0.923,190.75,,
0036Z0,RISE 미국천연가스밸류체인,System2(중장기),청산,False,False,True,False,11720.0,13639.0,11775.0,0.865,190.75,,
003690,코리안리,System1(단기),청산,False,False,True,False,14520.0,15660.0,14550.0,0.969,435.25,,
003830,대한화섬,System1(단기),청산,False,False,True,False,107600.0,123300.0,107500.0,0.89,5285.0,,
003830,대한화섬,System2(중장기),청산,False,False,True,False,107600.0,123300.0,107500.0,0.89,5285.0,,
004090,한국석유,System1(단기),청산,False,False,True,False,11580.0,14880.0,11340.0,0.786,746.5,,
0043B0,TIGER 머니마켓액티브,System1(단기),진입,True,True,False,False,103807.0,103800.0,103640.0,1.0,17.5,,
0043B0,TIGER 머니마켓액티브,System2(중장기),진입,True,True,False,False,103807.0,103800.0,103500.0,1.0,17.5,,
004255,NPC우,System1(단기),관심,False,False,False,True,1900.0,1937.0,1840.0,0.992,40.95,,
004310,현대약품,System1(단기),청산,False,False,True,False,8410.0,11750.0,8440.0,0.739,1134.5,,
004415,서울식품우,System1(단기),청산,False,False,True,False,3965.0,5900.0,4100.0,0.695,328.5,,
004415,서울식품우,System2(중장기),청산,False,False,True,False,3965.0,7620.0,4100.0,0.538,328.5,,
004430,송원산업,System1(단기),청산,False,False,True,False,11230.0,12490.0,11170.0,0.91,417.0,,
004430,송원산업,System2(중장기),청산,False,False,True,False,11230.0,13390.0,11170.0,0.848,417.0,,
0047A0,TIGER 차이나테크TOP10,System1(단기),청산,False,False,True,False,11655.0,13070.0,11600.0,0.901,345.5,,
0047A0,TIGER 차이나테크TOP10,System2(중장기),청산,False,False,True,False,11655.0,15590.0,11600.0,0.755,345.5,,
004910,조광페인트,System1(단기),청산,False,False,True,False,3375.0,3695.0,3380.0,0.936,121.5,,
004910,조광페인트,System2(중장기),청산,False,False,True,False,3375.0,3830.0,3380.0,0.903,121.5,,
004920,씨아이테크,System1(단기),청산,False,False,True,False,907.0,937.0,0.0,0.0,643.5,,
004920,씨아이테크,System2(중장기),청산,False,False,True,False,907.0,1019.0,0.0,0.0,643.5,,
004960,한신공영,System1(단기),청산,False,False,True,False,10790.0,12650.0,10680.0,0.865,532.5,,
004960,한신공영,System2(중장기),청산,False,False,True,False,10790.0,12650.0,10680.0,0.865,532.5,,
005010,휴스틸,System1(단기),확정,False,False,False,True,4160.0,4235.0,3800.0,0.996,172.25,,4235.0
005010,휴스틸,System2(중장기),확정,False,False,False,True,4160.0,4235.0,3615.0,0.996,172.25,,4235.0
0052D0,TIGER 코리아배당다우존스,System1(단기),청산,False,False,True,False,15160.0,15864.0,15190.0,0.976,273.2,,
0052D0,TIGER 코리아배당다우존스,System2(중장기),청산,False,False,True,False,15160.0,15993.0,15190.0,0.969,273.2,,
0052T0,1Q 중단기회사채(A-이상)액티브,System1(단기),관심,False,False,False,True,50775.0,50795.0,50700.0,1.0,32.9,,
0052T0,1Q 중단기회사채(A-이상)액티브,System2(중장기),관심,False,False,False,True,50775.0,50795.0,50675.0,1.0,32.9,,
005430,한국공항,System1(단기),진입,True,True,False,False,89400.0,89200.0,77100.0,1.006,3205.0,,
005725,넥센우,System1(단기),청산,False,False,True,False,4100.0,4445.0,4170.0,0.962,45.5,,
005725,넥센우,System2(중장기),청산,False,False,True,False,4100.0,4780.0,4170.0,0.894,45.5,,
005800,신영와코루,System1(단기),청산,False,False,True,False,13500.0,14080.0,13270.0,0.964,377.0,,
005800,신영와코루,System2(중장기),청산,False,False,True,False,13500.0,14490.0,13270.0,0.937,377.0,,
005870,휴니드,System1(단기),관심,False,False,False,True,4490.0,4620.0,4320.0,0.996,158.5,,
0061Z0,RISE 단기특수은행채액티브,System1(단기),관심,False,False,False,True,51100.0,51105.0,51040.0,1.0,9.9,,
0061Z0,RISE 단기특수은행채액티브,System2(중장기),관심,False,False,False,True,51100.0,51105.0,50980.0,1.0,9.9,,
006060,화승인더,System1(단기),청산,False,False,True,False,2195.0,2570.0,2195.0,0.87,55.75,,
006060,화승인더,System2(중장기),청산,False,False,True,False,2195.0,2625.0,2195.0,0.851,55.75,,
006200,한국전자홀딩스,System1(단기),청산,False,False,True,False,1785.0,2070.0,1776.0,0.96,114.65,,
006220,제주은행,System1(단기),청산,False,False,True,False,9560.0,10740.0,9500.0,0.901,300.0,,
006220,제주은행,System2(중장기),청산,False,False,True,False,9560.0,10920.0,9500.0,0.886,300.0,,
0065G0,KODEX 차이나테크TOP10,System1(단기),청산,False,False,True,False,8000.0,8795.0,7955.0,0.915,179.75,,
0065G0,KODEX 차이나테크TOP10,System2(중장기),청산,False,False,True,False,8000.0,10257.0,7950.0,0.785,179.75,,
0067Y0,TIGER 차이나AI소프트웨어,System1(단기),청산,False,False,True,False,9215.0,11130.0,9160.0,0.836,321.75,,
0067Y0,TIGER 차이나AI소프트웨어,System2(중장기),청산,False,False,True,False,9215.0,13550.0,9160.0,0.687,321.75,,
006650,대한유화,System1(단기),청산,False,False,True,False,88000.0,115900.0,87700.0,0.779,6335.0,,
006650,대한유화,System2(중장기),청산,False,False,True,False,88000.0,115900.0,87700.0,0.779,6335.0,,
006490,프리티,System1(단기),청산,False,False,True,False,1333.0,3025.0,1300.0,0.446,223.8,,
006490,프리티,System2(중장기),청산,False,False,True,False,1333.0,3025.0,1300.0,0.446,223.8,,
0073X0,FOCUS 알리바바미국채커버드콜혼합,System1(단기),청산,False,False,True,False,8305.0,9005.0,8325.0,0.923,166.05,,
0073X0,FOCUS 알리바바미국채커버드콜혼합,System2(중장기),청산,False,False,True,False,8305.0,9816.0,8325.0,0.847,166.05,,
006890,태경케미컬,System1(단기),청산,False,False,True,False,4820.0,5290.0,4800.0,0.92,142.75,,
006890,태경케미컬,System2(중장기),청산,False,False,True,False,4820.0,6970.0,4800.0,0.698,142.75,,
007110,일신석재,System1(단기),청산,False,False,True,False,603.0,731.0,0.0,0.0,552.55,,
007110,일신석재,System2(중장기),청산,False,False,True,False,603.0,940.0,0.0,0.0,552.55,,
007460,에이프로젠,System1(단기),청산,False,False,True,False,1933.0,2630.0,1941.0,0.76,110.5,,
007460,에이프로젠,System2(중장기),청산,False,False,True,False,1933.0,3250.0,1941.0,0.615,110.5,,
007540,샘표,System1(단기),청산,False,False,True,False,46450.0,72400.0,46200.0,0.646,3072.5,,
0078V0,PLUS 미국로보택시,System1(단기),청산,False,False,True,False,8735.0,9685.0,8780.0,0.902,143.15,,
0078V0,PLUS 미국로보택시,System2(중장기),청산,False,False,True,False,8735.0,10705.0,8780.0,0.816,143.15,,
007660,이수페타시스,System1(단기),관심,False,False,False,True,115000.0,119800.0,98600.0,0.992,7055.0,,
007660,이수페타시스,System2(중장기),관심,False,False,False,True,115000.0,119800.0,98600.0,0.992,7055.0,,
007810,코리아써키트,System1(단기),관심,False,False,False,True,74300.0,75900.0,48450.0,0.992,4012.5,,
0085P0,ACE 미국10년국채액티브,System1(단기),청산,False,False,True,False,9325.0,9773.0,9305.0,0.957,83.05,,
0085P0,ACE 미국10년국채액티브,System2(중장기),청산,False,False,True,False,9325.0,10775.0,9305.0,0.868,83.05,,
0087F0,ACE 차이나AI빅테크TOP2+액티브,System1(단기),청산,False,False,True,False,10840.0,12290.0,10900.0,0.895,261.0,,
0087F0,ACE 차이나AI빅테크TOP2+액티브,System2(중장기),청산,False,False,True,False,10840.0,16000.0,10900.0,0.688,261.0,,
008700,아남전자,System1(단기),관심,False,False,False,True,1257.0,1303.0,1191.0,0.99,44.35,,
008700,아남전자,System2(중장기),관심,False,False,False,True,1257.0,1303.0,1191.0,0.99,44.35,,
0088N0,WON K-글로벌수급상위,System1(단기),진입,True,True,False,False,11380.0,11350.0,10615.0,1.01,268.35,,
008770,호텔신라,System1(단기),청산,False,False,True,False,39500.0,45500.0,39900.0,0.887,991.25,,
008770,호텔신라,System2(중장기),청산,False,False,True,False,39500.0,52800.0,39900.0,0.764,991.25,,
0089D0,KODEX 금융고배당TOP10,System1(단기),청산,False,False,True,False,13215.0,13935.0,13355.0,0.97,300.4,,
0089D0,KODEX 금융고배당TOP10,System2(중장기),청산,False,False,True,False,13215.0,14278.0,13217.0,0.946,300.4,,
0091M0,HANARO 27-06 회사채(AA-이상)액티브,System1(단기),청산,False,False,True,False,10160.0,10170.0,10160.0,1.0,8.25,,
009150,삼성전기,System1(단기),관심,False,False,False,True,1514000.0,1587000.0,1305000.0,0.995,76750.0,,
0092C0,SOL 27-12 회사채(AA-이상)액티브,System1(단기),청산,False,False,True,True,50270.0,50335.0,50275.0,0.999,13.75,,
0092C0,SOL 27-12 회사채(AA-이상)액티브,System2(중장기),청산,False,False,True,True,50270.0,50335.0,50265.0,0.999,13.75,,
0093A0,RISE AI반도체TOP10,System2(중장기),관심,False,False,False,True,36570.0,37525.0,29720.0,0.997,1464.75,,
0094K0,TIGER 28-04 회사채(A+이상)액티브,System1(단기),관심,False,False,False,True,99520.0,99790.0,99335.0,0.997,101.75,,
0094K0,TIGER 28-04 회사채(A+이상)액티브,System2(중장기),관심,False,False,False,True,99520.0,99845.0,99335.0,0.997,101.75,,
0094L0,RISE 차이나테크TOP10위클리타겟커버드콜,System1(단기),청산,False,False,True,False,6670.0,7651.0,6740.0,0.883,168.0,,
009415,태영건설우,System1(단기),청산,False,False,True,False,6190.0,6760.0,6070.0,0.916,189.0,,
009415,태영건설우,System2(중장기),청산,False,False,True,False,6190.0,7480.0,6070.0,0.828,189.0,,
0099L0,ACE 우량회사채(AA-이상)액티브,System1(단기),관심,False,False,False,True,99580.0,99805.0,99345.0,0.998,95.4,,
0099L0,ACE 우량회사채(AA-이상)액티브,System2(중장기),관심,False,False,False,True,99580.0,99865.0,99345.0,0.997,95.4,,
009970,영원무역홀딩스,System1(단기),청산,False,False,True,False,163200.0,175600.0,162800.0,0.951,5810.0,,
009970,영원무역홀딩스,System2(중장기),청산,False,False,True,False,163200.0,214500.0,162500.0,0.779,5810.0,,
0101N0,RISE AI전력인프라,System1(단기),관심,False,False,False,True,21470.0,22050.0,19435.0,0.992,797.25,,
0101N0,RISE AI전력인프라,System2(중장기),관심,False,False,False,True,21470.0,22050.0,18110.0,0.992,797.25,,
010040,한국내화,System1(단기),관심,False,False,False,True,1675.0,1726.0,1505.0,0.997,75.4,,
0104P0,TIGER 코리아배당다우존스위클리커버드콜,System1(단기),청산,False,False,True,False,10700.0,11212.0,10702.0,0.968,196.4,,
0104P0,TIGER 코리아배당다우존스위클리커버드콜,System2(중장기),청산,False,False,True,False,10700.0,11321.0,10702.0,0.958,196.4,,
0107F0,KIWOOM 미국고배당&AI테크,System1(단기),청산,False,False,True,False,10800.0,11383.0,10810.0,0.951,138.9,,
0107F0,KIWOOM 미국고배당&AI테크,System2(중장기),청산,False,False,True,False,10800.0,12411.0,10810.0,0.872,138.9,,
010780,아이에스동서,System1(단기),청산,False,False,True,False,14610.0,16220.0,14580.0,0.914,450.5,,
010780,아이에스동서,System2(중장기),청산,False,False,True,False,14610.0,21150.0,14580.0,0.701,450.5,,
011000,진원생명과학,System2(중장기),진입,True,True,True,False,2670.0,2670.0,0.0,0.0,2670.0,,
011090,에넥스,System1(단기),청산,False,False,True,False,1454.0,2035.0,1432.0,0.779,256.1,,
0113P0,HK 머니마켓액티브,System1(단기),진입,True,True,False,False,102655.0,102655.0,102510.0,1.0,14.75,,
0113P0,HK 머니마켓액티브,System2(중장기),진입,True,True,False,False,102655.0,102655.0,102395.0,1.0,14.75,,
0115C0,RISE 미국고배당다우존스TOP10,System1(단기),청산,False,False,True,False,10625.0,11208.0,10585.0,0.951,104.15,,
0115C0,RISE 미국고배당다우존스TOP10,System2(중장기),청산,False,False,True,False,10625.0,11858.0,10585.0,0.899,104.15,,
011690,와이투솔루션,System1(단기),관심,False,False,False,True,3375.0,3505.0,3055.0,0.999,159.5,,
0119H0,KODEX 28-12 회사채(AA-이상)액티브,System1(단기),관심,False,False,False,True,9910.0,9950.0,9890.0,0.996,15.25,,
0119H0,KODEX 28-12 회사채(AA-이상)액티브,System2(중장기),관심,False,False,False,True,9910.0,9950.0,9890.0,0.996,15.25,,
011780,금호석유화학,System1(단기),청산,False,False,True,False,114400.0,136300.0,114300.0,0.858,4800.0,,
011780,금호석유화학,System2(중장기),청산,False,False,True,False,114400.0,139000.0,114300.0,0.842,4800.0,,
0120X0,유진 챔피언중단기크레딧 X클래스,System1(단기),진입,True,True,False,False,10100.0,10095.0,10080.0,1.0,3.0,,
0120X0,유진 챔피언중단기크레딧 X클래스,System2(중장기),진입,True,True,False,False,10100.0,10100.0,10080.0,1.0,3.0,,
011790,SKC,System2(중장기),확정,False,False,False,True,96500.0,97800.0,82000.0,0.997,3667.5,,98000.0
0122W0,RISE 26-11 회사채(AA-이상)액티브,System1(단기),진입,True,True,False,False,51110.0,51105.0,51030.0,1.0,17.25,,
0122W0,RISE 26-11 회사채(AA-이상)액티브,System2(중장기),진입,True,True,False,False,51110.0,51105.0,50975.0,1.0,17.25,,
0123S0,HANARO 26-12 은행채(AA+이상)액티브,System1(단기),관심,False,False,False,True,10200.0,10215.0,10190.0,1.0,15.5,,
0123S0,HANARO 26-12 은행채(AA+이상)액티브,System2(중장기),관심,False,False,False,True,10200.0,10215.0,10165.0,1.0,15.5,,
012160,영흥,System1(단기),청산,False,False,True,False,2035.0,2680.0,2010.0,0.763,136.75,,
012160,영흥,System2(중장기),청산,False,False,True,False,2035.0,3020.0,2010.0,0.677,136.75,,
012205,계양전기우,System1(단기),청산,False,False,True,False,4900.0,6240.0,4920.0,0.788,214.5,,
012205,계양전기우,System2(중장기),청산,False,False,True,False,4900.0,7425.0,4920.0,0.663,214.5,,
012280,영화금속,System1(단기),청산,False,False,True,False,3450.0,4260.0,3450.0,0.833,216.0,,
012280,영화금속,System2(중장기),청산,False,False,True,False,3450.0,4430.0,3450.0,0.801,216.0,,
0127M0,ACE 미국대형가치주액티브,System1(단기),청산,False,False,True,False,11960.0,12450.0,11875.0,0.961,160.75,,
0127M0,ACE 미국대형가치주액티브,System2(중장기),청산,False,False,True,False,11960.0,13073.0,11875.0,0.916,160.75,,
012610,경인양행,System1(단기),관심,False,False,False,True,3250.0,3300.0,2975.0,0.998,91.75,,
0132H0,KODEX 미국원자력SMR,System1(단기),청산,False,False,True,False,6970.0,8340.0,6930.0,0.838,203.0,,
0132H0,KODEX 미국원자력SMR,System2(중장기),청산,False,False,True,False,6970.0,9555.0,6930.0,0.732,203.0,,
0132K0,PLUS 테슬라위클리커버드콜채권혼합,System1(단기),관심,False,False,False,True,7910.0,8020.0,7790.0,0.99,79.25,,
0131W0,1Q 단기특수은행채액티브,System1(단기),진입,True,True,False,False,102325.0,102320.0,102210.0,1.0,15.5,,
0131W0,1Q 단기특수은행채액티브,System2(중장기),진입,True,True,False,False,102325.0,102320.0,102100.0,1.0,15.5,,
0135Y0,IBK 중기종합채권(AA-이상)액티브,System1(단기),관심,False,False,False,True,100290.0,100525.0,100035.0,0.998,99.5,,
0135Y0,IBK 중기종합채권(AA-이상)액티브,System2(중장기),관심,False,False,False,True,100290.0,100580.0,100035.0,0.997,99.5,,
0137W0,KIWOOM 미국S&P500&GOLD,System1(단기),관심,False,False,False,True,10180.0,10505.0,10005.0,0.998,134.5,,
0139P0,ACE 고배당주,System1(단기),청산,False,False,True,False,13155.0,13948.0,13140.0,0.967,233.65,,
0139P0,ACE 고배당주,System2(중장기),청산,False,False,True,False,13155.0,13978.0,13140.0,0.965,233.65,,
0139F0,TIGER 12월자동연장금융채(AA-이상)액티브,System1(단기),관심,False,False,False,True,102325.0,102375.0,102200.0,1.0,26.0,,
0139F0,TIGER 12월자동연장금융채(AA-이상)액티브,System2(중장기),관심,False,False,False,True,102325.0,102375.0,102090.0,1.0,26.0,,
0141T0,SOL 중기종합채권(AA-이상)액티브,System1(단기),관심,False,False,False,True,50290.0,50350.0,50110.0,0.999,50.25,,
0141T0,SOL 중기종합채권(AA-이상)액티브,System2(중장기),관심,False,False,False,True,50290.0,50380.0,50110.0,0.998,50.25,,
0144M0,KODEX 미국드론UAM TOP10,System1(단기),청산,False,False,True,False,6395.0,7040.0,6380.0,0.912,133.0,,
0144M0,KODEX 미국드론UAM TOP10,System2(중장기),청산,False,False,True,False,6395.0,8725.0,6360.0,0.736,133.0,,
014160,대영포장,System1(단기),청산,False,False,True,False,655.0,710.0,0.0,0.0,276.7,,
014160,대영포장,System2(중장기),청산,False,False,True,False,655.0,846.0,0.0,0.0,276.7,,
0150K0,KoAct 수소전력ESS인프라액티브,System1(단기),관심,False,False,False,True,11115.0,11310.0,10490.0,0.995,362.6,,
0150K0,KoAct 수소전력ESS인프라액티브,System2(중장기),관심,False,False,False,True,11115.0,11310.0,10100.0,0.995,362.6,,
0153K0,KODEX 주주환원고배당주,System1(단기),청산,False,False,True,False,12015.0,12653.0,12030.0,0.971,239.85,,
0153K0,KODEX 주주환원고배당주,System2(중장기),청산,False,False,True,False,12015.0,12653.0,12030.0,0.971,239.85,,
0153X0,PLUS 미국고배당주액티브,System1(단기),청산,False,False,True,False,10410.0,11446.0,10475.0,0.915,134.1,,
0153X0,PLUS 미국고배당주액티브,System2(중장기),청산,False,False,True,False,10410.0,11764.0,10475.0,0.89,134.1,,
0154F0,WON 초대형IB&금융지주,System1(단기),청산,False,False,True,False,12035.0,12750.0,12145.0,0.969,279.6,,
0154F0,WON 초대형IB&금융지주,System2(중장기),청산,False,False,True,False,12035.0,13645.0,12027.0,0.905,279.6,,
0155M0,ACE 미국SMR원자력TOP10,System1(단기),청산,False,False,True,False,6060.0,7750.0,6020.0,0.785,252.75,,
0155M0,ACE 미국SMR원자력TOP10,System2(중장기),청산,False,False,True,False,6060.0,7905.0,6020.0,0.769,252.75,,
0162M0,KODEX 금융채1~2년(AA-이상)PLUS액티브,System1(단기),관심,False,False,False,True,10040.0,10085.0,10010.0,0.996,18.0,,
0162M0,KODEX 금융채1~2년(AA-이상)PLUS액티브,System2(중장기),관심,False,False,False,True,10040.0,10090.0,10010.0,0.996,18.0,,
0162L0,KODEX 차이나AI반도체TOP10,System1(단기),청산,False,False,True,False,12375.0,14230.0,12450.0,0.896,509.0,,
0162L0,KODEX 차이나AI반도체TOP10,System2(중장기),청산,False,False,True,False,12375.0,20422.0,12450.0,0.624,509.0,,
015360,INVENI,System1(단기),관심,False,False,False,True,14770.0,14890.0,14370.0,0.994,263.0,,
015360,INVENI,System2(중장기),관심,False,False,False,True,14770.0,14890.0,13910.0,0.994,263.0,,
0162Y0,TIME 코스닥액티브,System1(단기),진입,True,True,False,False,8070.0,8050.0,7125.0,1.016,263.5,,
0163Y0,KoAct 코스닥액티브,System2(중장기),관심,False,False,False,True,10190.0,10355.0,8380.0,0.996,320.5,,
0166N0,PLUS 코스닥150액티브,System1(단기),진입,True,True,False,False,8755.0,8735.0,7620.0,1.019,272.0,,
0167A0,SOL AI반도체TOP2플러스,System1(단기),관심,False,False,False,True,18700.0,19210.0,16495.0,0.996,722.25,,
016610,DB증권,System1(단기),관심,False,False,False,True,10350.0,10500.0,9950.0,0.991,249.5,,
016610,DB증권,System2(중장기),관심,False,False,False,True,10350.0,10500.0,9650.0,0.991,249.5,,
016590,신대양제지,System1(단기),청산,False,False,True,False,9120.0,10800.0,9210.0,0.888,339.0,,
016590,신대양제지,System2(중장기),청산,False,False,True,False,9120.0,10850.0,9210.0,0.884,339.0,,
0177R0,TIGER 반도체TOP10커버드콜액티브,System1(단기),관심,False,False,False,True,11775.0,12135.0,10560.0,0.991,424.85,,
0181B0,HANARO 미국AI메모리반도체TOP4+,System1(단기),관심,False,False,False,True,10205.0,10355.0,8895.0,0.994,313.5,,
0184L0,PLUS 중기종합채권(A-이상)액티브,System1(단기),관심,False,False,False,True,100540.0,100675.0,100335.0,0.999,91.5,,
0184L0,PLUS 중기종합채권(A-이상)액티브,System2(중장기),관심,False,False,False,True,100540.0,100755.0,100335.0,0.998,91.5,,
0189Z0,DAISHIN 금융&지주고배당,System1(단기),청산,False,False,True,False,10210.0,10683.0,10210.0,0.97,183.3,,
0191M0,마이티 5월만기자동연장특수채(AAA)액티브,System1(단기),관심,False,False,False,True,100810.0,100835.0,100800.0,1.0,8.25,,
0191M0,마이티 5월만기자동연장특수채(AAA)액티브,System2(중장기),관심,False,False,False,True,100810.0,100835.0,100715.0,1.0,8.25,,
0191S0,IBK 코스닥150,System1(단기),진입,True,True,False,False,14645.0,14615.0,13570.0,1.005,377.0,,
0191W0,HANARO 중기종합채권(A-이상)액티브,System1(단기),관심,False,False,False,True,100700.0,100975.0,100635.0,0.997,57.75,,
0191W0,HANARO 중기종합채권(A-이상)액티브,System2(중장기),관심,False,False,False,True,100700.0,101095.0,100635.0,0.996,57.75,,
0192Z0,TIGER 중기종합채권(A-이상)액티브,System1(단기),관심,False,False,False,True,100870.0,101035.0,100700.0,0.998,70.5,,
0192Z0,TIGER 중기종합채권(A-이상)액티브,System2(중장기),관심,False,False,False,True,100870.0,101090.0,100700.0,0.998,70.5,,
0193M0,BNK 27-12 특수채(AAA이상)액티브,System1(단기),청산,False,False,True,True,50340.0,50420.0,50340.0,0.998,7.75,,
0193M0,BNK 27-12 특수채(AAA이상)액티브,System2(중장기),청산,False,False,True,True,50340.0,50420.0,50340.0,0.998,7.75,,
019170,신풍제약,System1(단기),청산,False,False,True,False,9080.0,12050.0,8960.0,0.759,366.5,,
019170,신풍제약,System2(중장기),청산,False,False,True,False,9080.0,12050.0,8960.0,0.759,366.5,,
0199C0,ACE 고배당주Plus커버드콜액티브,System1(단기),청산,False,False,True,False,8930.0,9341.0,8997.0,0.978,151.05,,
0203R0,WON 중단기종합채권(A-이상)액티브,System1(단기),관심,False,False,False,True,50405.0,50495.0,50365.0,0.999,15.5,,
0203R0,WON 중단기종합채권(A-이상)액티브,System2(중장기),관심,False,False,False,True,50405.0,50495.0,50365.0,0.999,15.5,,
0206G0,1Q 현대차기아채권혼합50,System1(단기),청산,False,False,True,False,7710.0,8320.0,7700.0,0.936,107.75,,
0206G0,1Q 현대차기아채권혼합50,System2(중장기),청산,False,False,True,False,7710.0,8840.0,7700.0,0.881,107.75,,
023000,삼원강재,System1(단기),관심,False,False,False,True,2200.0,2260.0,2140.0,0.991,49.75,,
023450,동남합성,System1(단기),관심,False,False,False,True,32050.0,32650.0,30700.0,0.994,670.0,,
023450,동남합성,System2(중장기),관심,False,False,False,True,32050.0,32650.0,30600.0,0.994,670.0,,
023530,롯데쇼핑,System1(단기),청산,False,False,True,False,99800.0,122300.0,100400.0,0.845,6860.0,,
023530,롯데쇼핑,System2(중장기),청산,False,False,True,False,99800.0,165000.0,100400.0,0.627,6860.0,,
023590,다우기술,System1(단기),청산,False,False,True,False,38000.0,42000.0,37750.0,0.912,1290.0,,
026960,동서,System1(단기),관심,False,False,False,True,25450.0,26150.0,25200.0,0.992,535.0,,
029530,신도리코,System1(단기),청산,False,False,True,False,38350.0,41500.0,38250.0,0.943,810.0,,
029530,신도리코,System2(중장기),청산,False,False,True,False,38350.0,43300.0,38250.0,0.904,810.0,,
029460,케이씨,System1(단기),관심,False,False,False,True,43900.0,46900.0,37900.0,0.998,2005.0,,
029460,케이씨,System2(중장기),관심,False,False,False,True,43900.0,46900.0,36200.0,0.998,2005.0,,
029780,삼성카드,System1(단기),청산,False,False,True,False,42300.0,47250.0,42200.0,0.907,822.5,,
029780,삼성카드,System2(중장기),청산,False,False,True,False,42300.0,51700.0,42200.0,0.829,822.5,,
030200,KT,System1(단기),청산,False,False,True,False,52150.0,55550.0,52200.0,0.952,987.5,,
030720,동원수산,System1(단기),청산,False,False,True,False,4715.0,5690.0,4590.0,0.852,255.25,,
032350,롯데관광개발,System1(단기),청산,False,False,True,False,11580.0,13650.0,11400.0,0.858,460.0,,
032350,롯데관광개발,System2(중장기),청산,False,False,True,False,11580.0,15570.0,11400.0,0.752,460.0,,
033920,무학,System1(단기),청산,False,False,True,False,7420.0,7950.0,7330.0,0.936,147.0,,
033920,무학,System2(중장기),청산,False,False,True,False,7420.0,8150.0,7330.0,0.913,147.0,,
034120,SBS,System1(단기),청산,False,False,True,False,11610.0,12380.0,11610.0,0.945,194.75,,
034120,SBS,System2(중장기),청산,False,False,True,False,11610.0,12750.0,11610.0,0.918,194.75,,
034230,파라다이스,System1(단기),청산,False,False,True,False,9380.0,10400.0,9380.0,0.917,264.5,,
034230,파라다이스,System2(중장기),청산,False,False,True,False,9380.0,13120.0,9380.0,0.727,264.5,,
034830,한국토지신탁,System1(단기),청산,False,False,True,False,1122.0,1250.0,1122.0,0.912,30.15,,
035250,강원랜드,System1(단기),청산,False,False,True,False,14250.0,15000.0,14250.0,0.966,236.5,,
035250,강원랜드,System2(중장기),청산,False,False,True,False,14250.0,15070.0,14250.0,0.962,236.5,,
036420,콘텐트리중앙,System1(단기),청산,False,False,True,False,1541.0,1730.0,1505.0,0.897,53.25,,
036420,콘텐트리중앙,System2(중장기),청산,False,False,True,False,1541.0,2405.0,1505.0,0.645,53.25,,
044380,주연테크,System1(단기),청산,False,False,True,False,436.0,1190.0,0.0,0.0,148.85,,
044380,주연테크,System2(중장기),청산,False,False,True,False,436.0,1753.0,0.0,0.0,148.85,,
051600,한전KPS,System1(단기),청산,False,False,True,False,44200.0,49700.0,44550.0,0.914,1467.5,,
051600,한전KPS,System2(중장기),청산,False,False,True,False,44200.0,50900.0,44200.0,0.893,1467.5,,
051900,LG생활건강,System1(단기),청산,False,False,True,False,269500.0,327000.0,275500.0,0.859,11800.0,,
051900,LG생활건강,System2(중장기),청산,False,False,True,False,269500.0,335500.0,275500.0,0.838,11800.0,,
051905,LG생활건강우,System1(단기),청산,False,False,True,False,92900.0,112600.0,94300.0,0.849,3390.0,,
051905,LG생활건강우,System2(중장기),청산,False,False,True,False,92900.0,118400.0,94300.0,0.807,3390.0,,
062040,산일전기,System1(단기),탈락,False,False,False,True,212000.0,215000.0,185100.0,0.995,10585.0,,
062040,산일전기,System2(중장기),탈락,False,False,False,True,212000.0,215000.0,181400.0,0.995,10585.0,,
055550,신한지주,System1(단기),청산,False,False,True,False,107800.0,116500.0,108800.0,0.951,3695.0,,
055550,신한지주,System2(중장기),청산,False,False,True,False,107800.0,116500.0,108000.0,0.951,3695.0,,
058850,KTcs,System1(단기),관심,False,False,False,True,2200.0,2235.0,2065.0,0.998,37.15,,
069260,TKG휴켐스,System1(단기),청산,False,False,True,False,15900.0,18390.0,16030.0,0.889,424.5,,
069260,TKG휴켐스,System2(중장기),청산,False,False,True,False,15900.0,18390.0,16030.0,0.889,424.5,,
069960,현대백화점,System1(단기),청산,False,False,True,False,89200.0,103300.0,88100.0,0.868,4140.0,,
069960,현대백화점,System2(중장기),청산,False,False,True,False,89200.0,173700.0,88100.0,0.516,4140.0,,
071090,하이스틸,System1(단기),진입,True,True,False,False,3795.0,3785.0,3115.0,1.028,248.0,,
071090,하이스틸,System2(중장기),진입,True,True,False,False,3795.0,3785.0,3005.0,1.028,248.0,,
071950,코아스,System1(단기),청산,False,False,True,False,1648.0,2075.0,1710.0,0.926,150.35,,
077500,유니퀘스트,System1(단기),관심,False,False,False,True,10050.0,10410.0,6700.0,0.99,591.0,,
077500,유니퀘스트,System2(중장기),관심,False,False,False,True,10050.0,10410.0,6700.0,0.99,591.0,,
079160,CJ CGV,System1(단기),청산,False,False,True,False,5090.0,5690.0,5100.0,0.909,193.5,,
079160,CJ CGV,System2(중장기),청산,False,False,True,False,5090.0,5790.0,5100.0,0.893,193.5,,
084695,대상홀딩스우,System1(단기),관심,False,False,False,True,13890.0,14070.0,12550.0,0.993,333.0,,
084695,대상홀딩스우,System2(중장기),관심,False,False,False,True,13890.0,14070.0,11610.0,0.993,333.0,,
084680,이월드,System1(단기),청산,False,False,True,False,532.0,619.0,0.0,0.0,362.2,,
084680,이월드,System2(중장기),청산,False,False,True,False,532.0,773.0,0.0,0.0,362.2,,
088790,진도,System2(중장기),관심,False,False,False,True,2570.0,2620.0,2075.0,0.99,139.75,,
086790,하나금융지주,System1(단기),청산,False,False,True,False,131200.0,142000.0,132000.0,0.956,4570.0,,
086790,하나금융지주,System2(중장기),청산,False,False,True,False,131200.0,142500.0,132000.0,0.952,4570.0,,
088350,한화생명,System1(단기),청산,False,False,True,False,5400.0,6550.0,5550.0,0.89,296.0,,
088350,한화생명,System2(중장기),청산,False,False,True,False,5400.0,6550.0,5550.0,0.89,296.0,,
090080,평화산업,System1(단기),관심,False,False,False,True,1021.0,1050.0,966.0,0.99,28.25,,
090430,아모레퍼시픽,System1(단기),청산,False,False,True,False,138800.0,152500.0,140200.0,0.942,5512.5,,
091170,KODEX 은행,System1(단기),청산,False,False,True,False,16100.0,17172.0,16271.0,0.965,447.2,,
091170,KODEX 은행,System2(중장기),청산,False,False,True,False,16100.0,17172.0,16077.0,0.965,447.2,,
091220,TIGER 은행,System1(단기),청산,False,False,True,False,16850.0,17975.0,17020.0,0.967,456.6,,
091220,TIGER 은행,System2(중장기),청산,False,False,True,False,16850.0,17975.0,16840.0,0.967,456.6,,
091160,KODEX 반도체,System1(단기),진입,True,True,False,False,141650.0,141400.0,121755.0,1.021,5123.25,,
091230,TIGER 반도체,System1(단기),진입,True,True,False,False,149755.0,149450.0,128850.0,1.022,5583.25,,
093240,형지엘리트,System1(단기),청산,False,False,True,False,296.0,412.0,0.0,0.0,80.55,,
093240,형지엘리트,System2(중장기),청산,False,False,True,False,296.0,744.0,0.0,0.0,80.55,,
094800,맵스리얼티,System1(단기),관심,False,False,False,True,7890.0,8000.0,7170.0,0.999,241.0,,
094800,맵스리얼티,System2(중장기),관심,False,False,False,True,7890.0,8000.0,7070.0,0.999,241.0,,
095720,웅진씽크빅,System1(단기),청산,False,False,True,False,1210.0,1390.0,1200.0,0.899,56.85,,
095720,웅진씽크빅,System2(중장기),청산,False,False,True,False,1210.0,1390.0,1200.0,0.899,56.85,,
099140,KODEX 차이나H,System1(단기),청산,False,False,True,False,20230.0,21510.0,20240.0,0.956,299.75,,
099140,KODEX 차이나H,System2(중장기),청산,False,False,True,False,20230.0,22955.0,20195.0,0.895,299.75,,
101280,KODEX 일본TOPIX100,System1(단기),청산,False,False,True,False,30150.0,31405.0,29900.0,0.963,583.5,,
101530,해태제과식품,System1(단기),청산,False,False,True,False,5530.0,5780.0,0.0,0.0,2272.5,,
101530,해태제과식품,System2(중장기),청산,False,False,True,False,5530.0,6560.0,0.0,0.0,2272.5,,
105010,TIGER 라틴35,System1(단기),청산,False,False,True,False,6080.0,6505.0,6095.0,0.944,102.4,,
105010,TIGER 라틴35,System2(중장기),청산,False,False,True,False,6080.0,6932.0,6095.0,0.886,102.4,,
111770,영원무역,System1(단기),청산,False,False,True,False,69300.0,77500.0,69000.0,0.921,2265.0,,
111770,영원무역,System2(중장기),청산,False,False,True,False,69300.0,95000.0,69000.0,0.752,2265.0,,
114100,RISE 국고채3년,System1(단기),관심,False,False,False,True,105950.0,106179.0,105415.0,0.998,189.6,,
114100,RISE 국고채3년,System2(중장기),관심,False,False,False,True,105950.0,106378.0,105415.0,0.996,189.6,,
114460,ACE 국고채3년,System1(단기),관심,False,False,False,True,100095.0,100304.0,99605.0,0.998,164.6,,
114470,KIWOOM 국고채3년,System1(단기),관심,False,False,False,True,107360.0,107579.0,106905.0,0.998,152.75,,
114470,KIWOOM 국고채3년,System2(중장기),관심,False,False,False,True,107360.0,107763.0,106905.0,0.996,152.75,,
114260,KODEX 국고채3년,System1(단기),관심,False,False,False,True,61710.0,61885.0,61375.0,0.997,121.25,,
114260,KODEX 국고채3년,System2(중장기),관심,False,False,False,True,61710.0,62025.0,61375.0,0.995,121.25,,
114820,TIGER 국채3년,System1(단기),관심,False,False,False,True,104995.0,105235.0,104470.0,0.998,187.75,,
114820,TIGER 국채3년,System2(중장기),관심,False,False,False,True,104995.0,105440.0,104470.0,0.996,187.75,,
122260,KIWOOM 통안채1년,System1(단기),관심,False,False,False,True,104210.0,104255.0,104180.0,1.0,25.25,,
122260,KIWOOM 통안채1년,System2(중장기),관심,False,False,False,True,104210.0,104255.0,104150.0,1.0,25.25,,
123890,한국자산신탁,System1(단기),청산,False,False,True,False,2415.0,2695.0,2415.0,0.905,51.25,,
123890,한국자산신탁,System2(중장기),청산,False,False,True,False,2415.0,2695.0,2415.0,0.905,51.25,,
130680,TIGER 원유선물Enhanced(H),System1(단기),청산,False,False,True,False,7630.0,8580.0,7545.0,0.895,248.75,,
134790,시디즈,System1(단기),청산,False,False,True,False,18480.0,22550.0,18550.0,0.833,509.5,,
134790,시디즈,System2(중장기),청산,False,False,True,False,18480.0,22550.0,18550.0,0.833,509.5,,
136340,RISE 중기우량회사채,System1(단기),관심,False,False,False,True,103850.0,104073.0,103519.0,0.998,124.75,,
136340,RISE 중기우량회사채,System2(중장기),관심,False,False,False,True,103850.0,104188.0,103519.0,0.997,124.75,,
136490,선진,System1(단기),청산,False,False,True,False,9920.0,11350.0,10000.0,0.899,378.0,,
136490,선진,System2(중장기),청산,False,False,True,False,9920.0,11350.0,9990.0,0.899,378.0,,
138930,BNK금융지주,System1(단기),관심,False,False,False,True,15690.0,16630.0,15520.0,0.992,574.0,,
139270,TIGER 200 금융,System1(단기),청산,False,False,True,False,16680.0,17775.0,16875.0,0.964,418.25,,
139270,TIGER 200 금융,System2(중장기),청산,False,False,True,False,16680.0,18105.0,16855.0,0.947,418.25,,
139290,TIGER 200 경기소비재,System1(단기),청산,False,False,True,False,22875.0,25775.0,22875.0,0.897,444.5,,
139290,TIGER 200 경기소비재,System2(중장기),청산,False,False,True,False,22875.0,29055.0,22875.0,0.796,444.5,,
140700,KODEX 보험,System1(단기),청산,False,False,True,False,20280.0,22550.0,20405.0,0.936,635.25,,
140700,KODEX 보험,System2(중장기),청산,False,False,True,False,20280.0,22550.0,20405.0,0.936,635.25,,
145210,다이나믹디자인,System2(중장기),진입,True,True,True,False,2240.0,2240.0,0.0,0.0,2240.0,,
150460,TIGER 중국소비테마,System1(단기),청산,False,False,True,False,7255.0,8270.0,7305.0,0.891,147.75,,
150460,TIGER 중국소비테마,System2(중장기),청산,False,False,True,False,7255.0,8270.0,7305.0,0.891,147.75,,
148070,KIWOOM 국고채10년,System1(단기),관심,False,False,False,True,104200.0,104895.0,102555.0,0.994,565.75,,
152380,KODEX 국채선물10년,System1(단기),관심,False,False,False,True,64620.0,65040.0,63595.0,0.994,330.1,,
157450,TIGER 단기통안채,System1(단기),관심,False,False,False,True,112720.0,112730.0,112620.0,1.0,29.5,,
157450,TIGER 단기통안채,System2(중장기),관심,False,False,False,True,112720.0,112730.0,112515.0,1.0,29.5,,
161510,PLUS 고배당주,System1(단기),청산,False,False,True,False,24530.0,25821.0,24576.0,0.963,422.55,,
161510,PLUS 고배당주,System2(중장기),청산,False,False,True,False,24530.0,25821.0,24576.0,0.963,422.55,,
175330,JB금융지주,System1(단기),청산,False,False,True,False,28800.0,33100.0,29550.0,0.937,1500.0,,
182480,TIGER 미국MSCI리츠(합성 H),System1(단기),청산,False,False,True,False,12895.0,14145.0,12890.0,0.918,202.05,,
182480,TIGER 미국MSCI리츠(합성 H),System2(중장기),청산,False,False,True,False,12895.0,14632.0,12890.0,0.887,202.05,,
192080,더블유게임즈,System1(단기),관심,False,False,False,True,58100.0,59700.0,55300.0,0.992,1860.0,,
192720,파워 고배당저변동성,System1(단기),청산,False,False,True,False,56940.0,60765.0,56845.0,0.953,1166.25,,
192720,파워 고배당저변동성,System2(중장기),청산,False,False,True,False,56940.0,60765.0,56845.0,0.953,1166.25,,
192090,TIGER 차이나CSI300,System1(단기),청산,False,False,True,False,11645.0,12460.0,11585.0,0.939,197.0,,
192090,TIGER 차이나CSI300,System2(중장기),청산,False,False,True,False,11645.0,14435.0,11585.0,0.811,197.0,,
196230,RISE 단기통안채,System1(단기),관심,False,False,False,True,117075.0,117095.0,116985.0,1.0,42.0,,
196230,RISE 단기통안채,System2(중장기),관심,False,False,False,True,117075.0,117095.0,116905.0,1.0,42.0,,
205720,ACE 일본TOPIX인버스(합성 H),System1(단기),청산,False,False,True,False,1445.0,1494.0,1435.0,0.968,17.65,,
210780,TIGER 코스피고배당,System1(단기),청산,False,False,True,False,23100.0,24000.0,23115.0,0.98,354.5,,
210780,TIGER 코스피고배당,System2(중장기),청산,False,False,True,False,23100.0,24000.0,23115.0,0.98,354.5,,
211560,TIGER 배당성장,System1(단기),청산,False,False,True,False,34345.0,36270.0,34485.0,0.966,615.5,,
211560,TIGER 배당성장,System2(중장기),청산,False,False,True,False,34345.0,37261.0,34485.0,0.94,615.5,,
211900,KODEX 코리아배당성장,System1(단기),청산,False,False,True,False,27410.0,28979.0,27500.0,0.966,488.65,,
211900,KODEX 코리아배당성장,System2(중장기),청산,False,False,True,False,27410.0,29663.0,27500.0,0.944,488.65,,
213500,한솔제지,System1(단기),청산,False,False,True,False,7280.0,9810.0,7290.0,0.752,260.5,,
213500,한솔제지,System2(중장기),청산,False,False,True,False,7280.0,9810.0,7290.0,0.752,260.5,,
217780,TIGER 차이나CSI300인버스(합성),System1(단기),관심,False,False,False,True,5875.0,5915.0,5380.0,0.997,117.5,,
217780,TIGER 차이나CSI300인버스(합성),System2(중장기),관심,False,False,False,True,5875.0,5915.0,5380.0,0.997,117.5,,
218420,KODEX 미국S&P500에너지(합성),System1(단기),청산,False,False,True,False,19560.0,21050.0,19440.0,0.93,339.6,,
218420,KODEX 미국S&P500에너지(합성),System2(중장기),청산,False,False,True,False,19560.0,21050.0,19440.0,0.93,339.6,,
220130,SOL 차이나강소기업CSI500(합성 H),System1(단기),청산,False,False,True,False,6580.0,6985.0,6535.0,0.945,97.25,,
220130,SOL 차이나강소기업CSI500(합성 H),System2(중장기),청산,False,False,True,False,6580.0,7505.0,6535.0,0.879,97.25,,
227540,TIGER 200 헬스케어,System1(단기),청산,False,False,True,False,18240.0,19880.0,17940.0,0.922,386.25,,
227540,TIGER 200 헬스케어,System2(중장기),청산,False,False,True,False,18240.0,20720.0,17940.0,0.884,386.25,,
228790,TIGER 화장품,System1(단기),청산,False,False,True,False,4190.0,5110.0,4205.0,0.852,156.6,,
237370,KODEX 코리아배당성장채권혼합,System1(단기),청산,False,False,True,True,15510.0,15809.0,15490.0,0.999,106.15,,
237370,KODEX 코리아배당성장채권혼합,System2(중장기),청산,False,False,True,True,15510.0,15877.0,15490.0,0.995,106.15,,
238720,ACE 일본Nikkei225(H),System1(단기),관심,False,False,False,True,48225.0,48955.0,45505.0,0.99,966.25,,
241390,RISE V&S셀렉트밸류채권혼합,System1(단기),관심,False,False,False,True,15815.0,16000.0,15455.0,0.996,194.0,,
245340,TIGER 미국다우존스30,System1(단기),청산,False,False,True,False,33975.0,35837.0,33845.0,0.95,308.3,,
245340,TIGER 미국다우존스30,System2(중장기),청산,False,False,True,False,33975.0,39880.0,33845.0,0.854,308.3,,
245350,TIGER 유로스탁스배당30,System1(단기),청산,False,False,True,False,18300.0,19850.0,18425.0,0.927,312.25,,
245350,TIGER 유로스탁스배당30,System2(중장기),청산,False,False,True,False,18300.0,20250.0,18425.0,0.909,312.25,,
245710,ACE 베트남VN30(합성),System1(단기),청산,False,False,True,False,27860.0,29695.0,27800.0,0.943,565.0,,
245710,ACE 베트남VN30(합성),System2(중장기),청산,False,False,True,False,27860.0,32045.0,27800.0,0.874,565.0,,
248170,샘표식품,System1(단기),청산,False,False,True,False,21900.0,36200.0,22000.0,0.615,1547.5,,
248170,샘표식품,System2(중장기),청산,False,False,True,False,21900.0,36200.0,22000.0,0.615,1547.5,,
250780,TIGER 코스닥150선물인버스,System1(단기),청산,False,False,True,False,2355.0,2590.0,2350.0,0.917,79.75,,
250780,TIGER 코스닥150선물인버스,System2(중장기),청산,False,False,True,False,2355.0,3355.0,2350.0,0.708,79.75,,
251340,KODEX 코스닥150선물인버스,System1(단기),청산,False,False,True,False,2342.0,2575.0,2335.0,0.918,79.0,,
251340,KODEX 코스닥150선물인버스,System2(중장기),청산,False,False,True,False,2342.0,3370.0,2335.0,0.702,79.0,,
259960,크래프톤,System1(단기),청산,False,False,True,False,195800.0,232500.0,196000.0,0.862,6572.5,,
259960,크래프톤,System2(중장기),청산,False,False,True,False,195800.0,265000.0,196000.0,0.757,6572.5,,
256440,ACE MSCI인도네시아(합성),System1(단기),청산,False,False,True,False,4740.0,5395.0,4730.0,0.885,91.0,,
256440,ACE MSCI인도네시아(합성),System2(중장기),청산,False,False,True,False,4740.0,5800.0,4730.0,0.823,91.0,,
256750,KODEX 차이나심천ChiNext(합성),System1(단기),청산,False,False,True,False,13850.0,15570.0,13835.0,0.899,357.25,,
256750,KODEX 차이나심천ChiNext(합성),System2(중장기),청산,False,False,True,False,13850.0,19900.0,13835.0,0.703,357.25,,
256450,PLUS 심천차이넥스트(합성),System1(단기),청산,False,False,True,False,13715.0,15130.0,13490.0,0.906,333.5,,
256450,PLUS 심천차이넥스트(합성),System2(중장기),청산,False,False,True,False,13715.0,19240.0,13490.0,0.713,333.5,,
261920,ACE MSCI필리핀(합성),System1(단기),청산,False,False,True,False,11360.0,12270.0,11375.0,0.936,178.0,,
261920,ACE MSCI필리핀(합성),System2(중장기),청산,False,False,True,False,11360.0,14230.0,11375.0,0.807,178.0,,
266370,KODEX IT,System1(단기),관심,False,False,False,True,71160.0,72950.0,65015.0,0.996,2400.5,,
266390,KODEX 경기소비재,System1(단기),청산,False,False,True,False,14680.0,15660.0,14675.0,0.953,329.75,,
266390,KODEX 경기소비재,System2(중장기),청산,False,False,True,False,14680.0,16444.0,14675.0,0.907,329.75,,
266550,PLUS 중형주저변동50,System1(단기),청산,False,False,True,False,18045.0,19135.0,18045.0,0.95,159.25,,
266550,PLUS 중형주저변동50,System2(중장기),청산,False,False,True,False,18045.0,19135.0,18045.0,0.95,159.25,,
267260,HD현대일렉트릭,System1(단기),청산,False,False,True,False,667000.0,799000.0,670000.0,0.867,31600.0,,
267260,HD현대일렉트릭,System2(중장기),청산,False,False,True,False,667000.0,873000.0,670000.0,0.794,31600.0,,
267450,RISE 미국장기국채선물인버스(H),System1(단기),진입,True,True,False,False,11660.0,11660.0,11250.0,1.0,65.75,,
267450,RISE 미국장기국채선물인버스(H),System2(중장기),진입,True,True,False,False,11660.0,11660.0,11020.0,1.0,65.75,,
267490,RISE 미국장기국채선물레버리지(합성 H),System1(단기),청산,False,False,True,False,4565.0,5045.0,4565.0,0.905,82.25,,
267490,RISE 미국장기국채선물레버리지(합성 H),System2(중장기),청산,False,False,True,False,4565.0,5215.0,4565.0,0.875,82.25,,
269420,KODEX S&P글로벌인프라(합성),System1(단기),청산,False,False,True,False,20690.0,22120.0,20560.0,0.938,246.0,,
269420,KODEX S&P글로벌인프라(합성),System2(중장기),청산,False,False,True,False,20690.0,24945.0,20560.0,0.832,246.0,,
270800,RISE KQ고배당,System2(중장기),관심,False,False,False,True,15950.0,16155.0,15030.0,0.998,195.5,,
271560,오리온,System1(단기),청산,False,False,True,False,107000.0,131500.0,108500.0,0.849,3475.0,,
271560,오리온,System2(중장기),청산,False,False,True,False,107000.0,143900.0,108500.0,0.776,3475.0,,
272560,RISE 단기국공채액티브,System1(단기),관심,False,False,False,True,114880.0,114955.0,114860.0,0.999,36.75,,
272560,RISE 단기국공채액티브,System2(중장기),관심,False,False,False,True,114880.0,114955.0,114835.0,0.999,36.75,,
272570,RISE 중장기국공채액티브,System1(단기),관심,False,False,False,True,107705.0,108135.0,107040.0,0.996,241.0,,
272570,RISE 중장기국공채액티브,System2(중장기),관심,False,False,False,True,107705.0,108525.0,107040.0,0.992,241.0,,
272910,ACE 중장기국공채액티브,System1(단기),관심,False,False,False,True,105990.0,106260.0,105375.0,0.997,171.0,,
272910,ACE 중장기국공채액티브,System2(중장기),관심,False,False,False,True,105990.0,106505.0,105375.0,0.995,171.0,,
273130,KODEX 종합채권(AA-이상)액티브,System1(단기),관심,False,False,False,True,109930.0,110545.0,109070.0,0.995,363.75,,
273130,KODEX 종합채권(AA-이상)액티브,System2(중장기),관심,False,False,False,True,109930.0,111000.0,109070.0,0.99,363.75,,
273140,KODEX 단기변동금리부채권액티브,System1(단기),관심,False,False,False,True,114630.0,114695.0,114550.0,1.0,27.45,,
273140,KODEX 단기변동금리부채권액티브,System2(중장기),관심,False,False,False,True,114630.0,114695.0,114415.0,1.0,27.45,,
275750,RISE 코스닥150선물인버스,System1(단기),청산,False,False,True,False,2380.0,2620.0,2370.0,0.912,74.75,,
275750,RISE 코스닥150선물인버스,System2(중장기),청산,False,False,True,False,2380.0,3390.0,2370.0,0.705,74.75,,
278620,PLUS 단기채권액티브,System1(단기),관심,False,False,False,True,119110.0,119195.0,119055.0,0.999,33.25,,
278620,PLUS 단기채권액티브,System2(중장기),관심,False,False,False,True,119110.0,119195.0,119055.0,0.999,33.25,,
279540,KODEX 최소변동성,System1(단기),관심,False,False,False,True,21295.0,21760.0,20550.0,0.993,409.35,,
280360,롯데웰푸드,System1(단기),청산,False,False,True,False,121900.0,155000.0,122400.0,0.81,6567.5,,
280360,롯데웰푸드,System2(중장기),청산,False,False,True,False,121900.0,155000.0,122400.0,0.81,6567.5,,
282000,RISE 국고채3년선물인버스,System1(단기),관심,False,False,False,True,115350.0,115720.0,115195.0,0.997,179.25,,
282000,RISE 국고채3년선물인버스,System2(중장기),관심,False,False,False,True,115350.0,115720.0,114580.0,0.997,179.25,,
282330,BGF리테일,System1(단기),청산,False,False,True,False,129700.0,153400.0,129900.0,0.865,5365.0,,
282330,BGF리테일,System2(중장기),청산,False,False,True,False,129700.0,156600.0,129900.0,0.847,5365.0,,
284980,RISE 200금융,System1(단기),청산,False,False,True,False,22155.0,23630.0,22460.0,0.961,548.0,,
284980,RISE 200금융,System2(중장기),청산,False,False,True,False,22155.0,24042.0,22445.0,0.945,548.0,,
287180,PLUS 미국나스닥테크,System1(단기),관심,False,False,False,True,56475.0,57110.0,51720.0,0.992,929.75,,
289480,TIGER 200커버드콜,System1(단기),관심,False,False,False,True,13100.0,13382.0,12359.0,0.993,260.05,,
289480,TIGER 200커버드콜,System2(중장기),관심,False,False,False,True,13100.0,13382.0,11883.0,0.993,260.05,,
289670,PLUS 국채선물10년,System1(단기),관심,False,False,False,True,51995.0,52160.0,51180.0,0.997,267.0,,
291620,KIWOOM 코스닥150선물인버스,System1(단기),청산,False,False,True,False,4165.0,4575.0,4155.0,0.919,129.5,,
291620,KIWOOM 코스닥150선물인버스,System2(중장기),청산,False,False,True,False,4165.0,6020.0,4155.0,0.699,129.5,,
291130,ACE MSCI멕시코(합성),System1(단기),청산,False,False,True,False,16665.0,18175.0,16660.0,0.919,200.25,,
291130,ACE MSCI멕시코(합성),System2(중장기),청산,False,False,True,False,16665.0,19545.0,16660.0,0.855,200.25,,
291680,RISE 차이나H선물인버스(H),System1(단기),관심,False,False,False,True,7950.0,8030.0,7770.0,0.99,102.5,,
292770,KODEX 국채선물3년인버스,System1(단기),관심,False,False,False,True,58055.0,58235.0,58025.0,0.997,72.75,,
292770,KODEX 국채선물3년인버스,System2(중장기),관심,False,False,False,True,58055.0,58235.0,57680.0,0.997,72.75,,
295000,RISE 국채선물10년,System1(단기),관심,False,False,False,True,51175.0,51445.0,50365.0,0.995,241.75,,
298020,효성티앤씨,System1(단기),청산,False,False,True,False,280000.0,366500.0,286000.0,0.794,14400.0,,
298020,효성티앤씨,System2(중장기),청산,False,False,True,False,280000.0,366500.0,286000.0,0.794,14400.0,,
298340,PLUS 국채선물3년,System1(단기),관심,False,False,False,True,56320.0,56590.0,56140.0,0.995,104.5,,
298340,PLUS 국채선물3년,System2(중장기),관심,False,False,False,True,56320.0,56705.0,56140.0,0.993,104.5,,
302190,TIGER 중장기국채,System1(단기),관심,False,False,False,True,49965.0,50190.0,49480.0,0.996,163.0,,
302190,TIGER 중장기국채,System2(중장기),관심,False,False,False,True,49965.0,50490.0,49480.0,0.99,163.0,,
304670,KODEX 미국30년국채울트라선물인버스(H),System1(단기),관심,False,False,False,True,12965.0,12995.0,12410.0,1.0,86.75,,
304670,KODEX 미국30년국채울트라선물인버스(H),System2(중장기),관심,False,False,False,True,12965.0,12995.0,12265.0,1.0,86.75,,
305080,TIGER 미국채10년선물,System1(단기),청산,False,False,True,False,11670.0,12250.0,11650.0,0.957,104.75,,
305080,TIGER 미국채10년선물,System2(중장기),청산,False,False,True,False,11670.0,13575.0,11650.0,0.863,104.75,,
304940,KODEX 미국나스닥100선물(H),System1(단기),관심,False,False,False,True,33300.0,33780.0,31807.0,0.991,320.65,,
304940,KODEX 미국나스닥100선물(H),System2(중장기),관심,False,False,False,True,33300.0,33780.0,31807.0,0.991,320.65,,
309230,ACE 미국WideMoat동일가중,System1(단기),청산,False,False,True,False,29080.0,31755.0,29080.0,0.918,373.9,,
309230,ACE 미국WideMoat동일가중,System2(중장기),청산,False,False,True,False,29080.0,33224.0,29080.0,0.878,373.9,,
308620,KODEX 미국10년국채선물,System1(단기),청산,False,False,True,False,10985.0,11520.0,10955.0,0.957,94.25,,
308620,KODEX 미국10년국채선물,System2(중장기),청산,False,False,True,False,10985.0,12710.0,10955.0,0.867,94.25,,
316140,우리금융지주,System1(단기),청산,False,False,True,False,34750.0,37050.0,34700.0,0.977,1260.0,,
316300,ACE 싱가포르리츠,System1(단기),청산,False,False,True,False,12095.0,12897.0,11919.0,0.938,181.55,,
316300,ACE 싱가포르리츠,System2(중장기),청산,False,False,True,False,12095.0,14080.0,11919.0,0.859,181.55,,
316670,KIWOOM 코스닥150,System1(단기),진입,True,True,False,False,7240.0,7225.0,6705.0,1.01,212.5,,
321410,KODEX 멀티에셋하이인컴(H),System1(단기),청산,False,False,True,False,10345.0,10775.0,10395.0,0.967,55.5,,
321410,KODEX 멀티에셋하이인컴(H),System2(중장기),청산,False,False,True,False,10345.0,10800.0,10395.0,0.964,55.5,,
323410,카카오뱅크,System1(단기),청산,False,False,True,False,19930.0,22500.0,19900.0,0.9,532.0,,
323410,카카오뱅크,System2(중장기),청산,False,False,True,False,19930.0,23850.0,19900.0,0.849,532.0,,
322410,HANARO K고배당,System1(단기),청산,False,False,True,False,22425.0,23657.0,22501.0,0.961,338.95,,
322410,HANARO K고배당,System2(중장기),청산,False,False,True,False,22425.0,23657.0,22501.0,0.961,338.95,,
326240,RISE IT플러스,System1(단기),관심,False,False,False,True,45065.0,46000.0,41475.0,0.997,1269.25,,
329200,TIGER 리츠부동산인프라,System1(단기),관심,False,False,False,True,4035.0,4084.0,4005.0,0.992,28.35,,
330590,롯데리츠,System1(단기),관심,False,False,False,True,4130.0,4195.0,3760.0,0.99,112.5,,
330590,롯데리츠,System2(중장기),관심,False,False,False,True,4130.0,4195.0,3750.0,0.99,112.5,,
332620,PLUS 미국장기우량회사채,System1(단기),청산,False,False,True,False,82965.0,88409.0,82800.0,0.94,840.55,,
332620,PLUS 미국장기우량회사채,System2(중장기),청산,False,False,True,False,82965.0,98320.0,82800.0,0.845,840.55,,
336160,RISE 금융채액티브,System1(단기),관심,False,False,False,True,99835.0,100038.0,99464.0,0.998,137.15,,
336160,RISE 금융채액티브,System2(중장기),관심,False,False,False,True,99835.0,100187.0,99464.0,0.996,137.15,,
354240,RISE 미국고정배당우선증권,System1(단기),청산,False,False,True,False,9955.0,10570.0,9965.0,0.943,152.5,,
354240,RISE 미국고정배당우선증권,System2(중장기),청산,False,False,True,False,9955.0,11895.0,9965.0,0.838,152.5,,
356540,ACE 종합채권(AA-이상)액티브,System1(단기),관심,False,False,False,True,101175.0,102000.0,100455.0,0.992,277.5,,
356540,ACE 종합채권(AA-이상)액티브,System2(중장기),관심,False,False,False,True,101175.0,102000.0,100455.0,0.992,277.5,,
357430,마스턴프리미어리츠,System1(단기),청산,False,False,True,False,834.0,1010.0,842.0,0.849,34.0,,
357430,마스턴프리미어리츠,System2(중장기),청산,False,False,True,False,834.0,1010.0,842.0,0.849,34.0,,
357870,TIGER CD금리투자KIS(합성),System1(단기),진입,True,True,False,False,58135.0,58130.0,58050.0,1.0,9.5,,
357870,TIGER CD금리투자KIS(합성),System2(중장기),진입,True,True,False,False,58135.0,58130.0,57980.0,1.0,9.5,,
360140,KODEX 200롱코스닥150숏선물,System1(단기),청산,False,False,True,False,22015.0,23680.0,22010.0,0.95,622.75,,
363510,SOL KIS단기통안채,System1(단기),진입,True,True,False,False,112315.0,112305.0,112250.0,1.0,18.25,,
363510,SOL KIS단기통안채,System2(중장기),진입,True,True,False,False,112315.0,112305.0,112140.0,1.0,18.25,,
363570,KODEX 장기종합채권(AA-이상)액티브,System1(단기),관심,False,False,False,True,86445.0,86900.0,85000.0,0.995,460.75,,
365000,TIGER 인터넷TOP10,System1(단기),관심,False,False,False,True,3605.0,3710.0,3410.0,0.991,100.25,,
365780,ACE 국고채10년,System1(단기),관심,False,False,False,True,82240.0,82760.0,80920.0,0.994,469.4,,
367760,RISE 네트워크인프라,System1(단기),관심,False,False,False,True,61050.0,63350.0,54790.0,0.993,2220.25,,
367740,HANARO Fn5G산업,System1(단기),관심,False,False,False,True,43830.0,44760.0,41130.0,0.998,1027.25,,
367740,HANARO Fn5G산업,System2(중장기),관심,False,False,False,True,43830.0,44825.0,40500.0,0.996,1027.25,,
371150,RISE 차이나항셍테크,System1(단기),청산,False,False,True,False,6120.0,6805.0,6100.0,0.904,137.35,,
371150,RISE 차이나항셍테크,System2(중장기),청산,False,False,True,False,6120.0,7807.0,6100.0,0.788,137.35,,
371160,TIGER 차이나항셍테크,System1(단기),청산,False,False,True,False,6295.0,6965.0,6245.0,0.905,146.0,,
371160,TIGER 차이나항셍테크,System2(중장기),청산,False,False,True,False,6295.0,8028.0,6245.0,0.785,146.0,,
371470,TIGER 차이나바이오테크SOLACTIVE,System1(단기),관심,False,False,False,True,8765.0,8925.0,7845.0,0.995,226.5,,
372330,KODEX 차이나항셍테크,System1(단기),청산,False,False,True,False,6280.0,6950.0,6250.0,0.922,139.25,,
372330,KODEX 차이나항셍테크,System2(중장기),청산,False,False,True,False,6280.0,7997.0,6250.0,0.802,139.25,,
371870,ACE 차이나항셍테크,System1(단기),청산,False,False,True,False,6160.0,6805.0,6140.0,0.907,142.5,,
371870,ACE 차이나항셍테크,System2(중장기),청산,False,False,True,False,6160.0,7965.0,6130.0,0.775,142.5,,
375270,RISE 글로벌데이터센터리츠(합성),System1(단기),청산,False,False,True,False,12870.0,13850.0,12790.0,0.934,237.0,,
375270,RISE 글로벌데이터센터리츠(합성),System2(중장기),청산,False,False,True,False,12870.0,15245.0,12790.0,0.848,237.0,,
373790,KIWOOM 미국방어배당성장나스닥,System1(단기),청산,False,False,True,False,14585.0,15743.0,14555.0,0.932,186.75,,
373790,KIWOOM 미국방어배당성장나스닥,System2(중장기),청산,False,False,True,False,14585.0,16898.0,14555.0,0.868,186.75,,
377190,디앤디플랫폼리츠,System1(단기),청산,False,False,True,False,1983.0,2390.0,1986.0,0.845,61.4,,
377190,디앤디플랫폼리츠,System2(중장기),청산,False,False,True,False,1983.0,2390.0,1986.0,0.845,61.4,,
380340,ACE 코리아AI테크핵심산업,System1(단기),관심,False,False,False,True,27935.0,28900.0,26220.0,0.993,855.25,,
381180,TIGER 미국필라델피아반도체나스닥,System1(단기),관심,False,False,False,True,44530.0,44955.0,39075.0,0.998,904.5,,
383220,F&F,System1(단기),관심,False,False,False,True,69000.0,69900.0,63300.0,0.999,2225.0,,
385510,KODEX 신재생에너지액티브,System1(단기),관심,False,False,False,True,39425.0,40240.0,37000.0,0.993,1240.0,,
385540,RISE 종합채권(A-이상)액티브,System1(단기),관심,False,False,False,True,102985.0,103260.0,102150.0,0.998,308.75,,
385540,RISE 종합채권(A-이상)액티브,System2(중장기),관심,False,False,False,True,102985.0,103445.0,102150.0,0.996,308.75,,
385560,RISE KIS국고채30년Enhanced,System1(단기),관심,False,False,False,True,50840.0,51294.0,48810.0,0.992,688.6,,
390390,KODEX 미국반도체,System1(단기),관심,False,False,False,True,55890.0,56495.0,49675.0,0.996,1053.0,,
394660,TIGER 글로벌자율주행&전기차SOLACTIVE,System1(단기),청산,False,False,True,False,14890.0,16180.0,14795.0,0.924,299.5,,
394660,TIGER 글로벌자율주행&전기차SOLACTIVE,System2(중장기),청산,False,False,True,False,14890.0,18565.0,14795.0,0.805,299.5,,
396500,TIGER 반도체TOP10,System1(단기),관심,False,False,False,True,38485.0,39560.0,34465.0,0.995,1486.75,,
396690,미래에셋글로벌리츠,System1(단기),청산,False,False,True,False,1348.0,1585.0,1346.0,0.862,49.75,,
396690,미래에셋글로벌리츠,System2(중장기),청산,False,False,True,False,1348.0,1712.0,1346.0,0.798,49.75,,
399580,RISE 글로벌클린에너지,System1(단기),청산,False,False,True,False,8970.0,9580.0,8905.0,0.942,231.5,,
399580,RISE 글로벌클린에너지,System2(중장기),청산,False,False,True,False,8970.0,11283.0,8880.0,0.799,231.5,,
402970,ACE 미국배당다우존스,System1(단기),청산,False,False,True,False,14460.0,15448.0,14460.0,0.938,145.7,,
402970,ACE 미국배당다우존스,System2(중장기),청산,False,False,True,False,14460.0,15911.0,14460.0,0.911,145.7,,
407300,HANARO Fn골프테마,System1(단기),청산,False,False,True,False,10155.0,10820.0,10155.0,0.94,87.5,,
407300,HANARO Fn골프테마,System2(중장기),청산,False,False,True,False,10155.0,11293.0,10155.0,0.901,87.5,,
413220,SOL 차이나태양광CSI(합성),System1(단기),청산,False,False,True,False,4080.0,4635.0,4065.0,0.891,81.4,,
413220,SOL 차이나태양광CSI(합성),System2(중장기),청산,False,False,True,False,4080.0,5515.0,4065.0,0.749,81.4,,
415640,KB발해인프라,System1(단기),청산,False,False,True,False,10040.0,11040.0,9990.0,0.917,307.0,,
415640,KB발해인프라,System2(중장기),청산,False,False,True,False,10040.0,11230.0,9990.0,0.901,307.0,,
415920,PLUS 글로벌희토류&전략자원생산기업,System1(단기),청산,False,False,True,False,6015.0,7505.0,5980.0,0.822,212.9,,
415920,PLUS 글로벌희토류&전략자원생산기업,System2(중장기),청산,False,False,True,False,6015.0,8435.0,5980.0,0.731,212.9,,
417450,RISE 글로벌수소경제,System1(단기),청산,False,False,True,False,15325.0,16700.0,15192.0,0.92,373.15,,
419430,KODEX 차이나2차전지MSCI(합성),System1(단기),청산,False,False,True,False,7910.0,9605.0,7850.0,0.828,182.25,,
419430,KODEX 차이나2차전지MSCI(합성),System2(중장기),청산,False,False,True,False,7910.0,10780.0,7850.0,0.737,182.25,,
419890,KIWOOM 단기채권ESG액티브,System1(단기),관심,False,False,False,True,107465.0,107620.0,107435.0,0.999,34.25,,
419890,KIWOOM 단기채권ESG액티브,System2(중장기),관심,False,False,False,True,107465.0,107620.0,107435.0,0.999,34.25,,
423160,KODEX KOFR금리액티브(합성),System1(단기),진입,True,True,False,False,110675.0,110670.0,110520.0,1.0,15.3,,
423160,KODEX KOFR금리액티브(합성),System2(중장기),진입,True,True,False,False,110675.0,110670.0,110390.0,1.0,15.3,,
423920,TIGER 미국필라델피아반도체레버리지(합성,System1(단기),관심,False,False,False,True,89380.0,91495.0,69100.0,0.993,3462.75,,
426150,WON 대한민국국고채액티브,System1(단기),관심,False,False,False,True,51080.0,51360.0,50495.0,0.995,190.5,,
426150,WON 대한민국국고채액티브,System2(중장기),관심,False,False,False,True,51080.0,51580.0,50480.0,0.991,190.5,,
428560,KODEX 미국ETF산업Top10 Indxx,System1(단기),청산,False,False,True,False,14900.0,16575.0,14840.0,0.903,297.5,,
428560,KODEX 미국ETF산업Top10 Indxx,System2(중장기),청산,False,False,True,False,14900.0,16724.0,14840.0,0.895,297.5,,
429000,TIGER 미국S&P500배당귀족,System1(단기),청산,False,False,True,False,12570.0,13573.0,12535.0,0.928,144.0,,
429000,TIGER 미국S&P500배당귀족,System2(중장기),청산,False,False,True,False,12570.0,14927.0,12535.0,0.844,144.0,,
432600,RISE 국채선물3년,System1(단기),관심,False,False,False,True,55250.0,55390.0,54975.0,0.997,86.75,,
432600,RISE 국채선물3년,System2(중장기),관심,False,False,False,True,55250.0,55500.0,54975.0,0.995,86.75,,
430500,KIWOOM 물가채KIS,System1(단기),관심,False,False,False,True,112460.0,113030.0,111500.0,0.995,434.75,,
435420,TIGER 미국나스닥100채권혼합50,System1(단기),관심,False,False,False,True,14095.0,14260.0,13690.0,0.991,108.75,,
436140,SOL 종합채권(AA-이상)액티브,System1(단기),관심,False,False,False,True,106340.0,106525.0,105470.0,0.998,282.5,,
436140,SOL 종합채권(AA-이상)액티브,System2(중장기),관심,False,False,False,True,106340.0,106760.0,105470.0,0.996,282.5,,
437370,RISE 글로벌농업경제,System1(단기),청산,False,False,True,False,10135.0,11095.0,10255.0,0.923,158.75,,
437370,RISE 글로벌농업경제,System2(중장기),청산,False,False,True,False,10135.0,11263.0,10255.0,0.91,158.75,,
437350,RISE 미국단기투자등급회사채액티브,System1(단기),청산,False,False,True,False,11805.0,12190.0,11785.0,0.972,91.25,,
438320,TIGER 차이나항셍테크레버리지(합성 H),System1(단기),청산,False,False,True,False,4450.0,5315.0,4405.0,0.841,170.75,,
438320,TIGER 차이나항셍테크레버리지(합성 H),System2(중장기),청산,False,False,True,False,4450.0,6015.0,4405.0,0.743,170.75,,
438330,TIGER 우량회사채액티브,System1(단기),관심,False,False,False,True,115455.0,115735.0,115025.0,0.998,193.5,,
438330,TIGER 우량회사채액티브,System2(중장기),관심,False,False,False,True,115455.0,115915.0,115025.0,0.996,193.5,,
438560,SOL 국고채3년,System1(단기),관심,False,False,False,True,100375.0,100540.0,99875.0,0.998,155.25,,
438560,SOL 국고채3년,System2(중장기),관심,False,False,False,True,100375.0,100700.0,99875.0,0.997,155.25,,
438570,SOL 국고채10년,System1(단기),관심,False,False,False,True,97995.0,98530.0,96440.0,0.995,485.0,,
438740,MIDAS 중소형액티브,System1(단기),관심,False,False,False,True,34180.0,34360.0,33035.0,0.995,452.75,,
439860,KODEX ESG종합채권(A-이상)액티브,System1(단기),관심,False,False,False,True,113590.0,113785.0,113215.0,0.998,133.0,,
439860,KODEX ESG종합채권(A-이상)액티브,System2(중장기),관심,False,False,False,True,113590.0,113855.0,113215.0,0.998,133.0,,
439870,KODEX 국고채30년액티브,System1(단기),관심,False,False,False,True,87730.0,88210.0,84945.0,0.995,997.5,,
440910,WON 미국우주항공방산,System1(단기),청산,False,False,True,False,21710.0,25040.0,21770.0,0.898,583.25,,
440910,WON 미국우주항공방산,System2(중장기),청산,False,False,True,False,21710.0,29550.0,21770.0,0.761,583.25,,
440640,ACE 단기채권알파액티브,System1(단기),진입,True,True,False,False,112900.0,112890.0,112770.0,1.0,31.75,,
440640,ACE 단기채권알파액티브,System2(중장기),진입,True,True,False,False,112900.0,112890.0,112670.0,1.0,31.75,,
441640,KODEX 미국배당커버드콜액티브,System1(단기),청산,False,False,True,False,12210.0,12616.0,12135.0,0.969,109.75,,
441640,KODEX 미국배당커버드콜액티브,System2(중장기),청산,False,False,True,False,12210.0,13199.0,12135.0,0.926,109.75,,
446690,KODEX 아시아AI반도체exChina액티브,System1(단기),관심,False,False,False,True,62625.0,63575.0,55995.0,0.998,1994.6,,
446720,SOL 미국배당다우존스,System1(단기),청산,False,False,True,False,13010.0,13928.0,13010.0,0.936,130.7,,
446720,SOL 미국배당다우존스,System2(중장기),청산,False,False,True,False,13010.0,14305.0,13010.0,0.911,130.7,,
447660,PLUS 애플채권혼합,System1(단기),관심,False,False,False,True,13785.0,14200.0,13680.0,0.991,163.0,,
446770,ACE 글로벌반도체TOP4 Plus,System1(단기),관심,False,False,False,True,80855.0,82220.0,72830.0,0.996,1844.5,,
448300,TIGER 미국나스닥100(H),System1(단기),관심,False,False,False,True,23570.0,23870.0,22450.0,0.991,228.9,,
448300,TIGER 미국나스닥100(H),System2(중장기),관심,False,False,False,True,23570.0,23870.0,22450.0,0.991,228.9,,
448330,KODEX 삼성전자채권혼합,System1(단기),관심,False,False,False,True,17590.0,17790.0,16960.0,0.995,230.5,,
448330,KODEX 삼성전자채권혼합,System2(중장기),관심,False,False,False,True,17590.0,17803.0,16920.0,0.994,230.5,,
448540,ACE 엔비디아채권혼합,System1(단기),관심,False,False,False,True,26630.0,27075.0,25920.0,0.991,236.0,,
448490,HANARO 32-10 국고채액티브,System1(단기),관심,False,False,False,True,52790.0,53015.0,51930.0,0.996,256.75,,
449170,TIGER KOFR금리액티브(합성),System1(단기),진입,True,True,False,False,112015.0,112005.0,111860.0,1.0,14.5,,
449170,TIGER KOFR금리액티브(합성),System2(중장기),진입,True,True,False,False,112015.0,112005.0,111730.0,1.0,14.5,,
449190,KODEX 미국나스닥100(H),System1(단기),관심,False,False,False,True,22850.0,23135.0,21755.0,0.991,223.5,,
449190,KODEX 미국나스닥100(H),System2(중장기),관심,False,False,False,True,22850.0,23135.0,21755.0,0.991,223.5,,
450180,KODEX 한중전기차(합성),System1(단기),청산,False,False,True,False,9900.0,11290.0,9860.0,0.879,170.0,,
450180,KODEX 한중전기차(합성),System2(중장기),청산,False,False,True,False,9900.0,12020.0,9860.0,0.825,170.0,,
450910,SOL 코스닥150,System1(단기),진입,True,True,False,False,14180.0,14170.0,13075.0,1.008,409.0,,
451000,PLUS 종합채권(AA-이상)액티브,System1(단기),관심,False,False,False,True,107035.0,107640.0,106390.0,0.994,237.25,,
451000,PLUS 종합채권(AA-이상)액티브,System2(중장기),관심,False,False,False,True,107035.0,107705.0,106390.0,0.994,237.25,,
451530,TIGER 국고채30년스트립액티브,System1(단기),확정,False,False,False,True,35360.0,35440.0,33430.0,0.998,589.25,,35450.0
451600,PLUS 국고채30년액티브,System1(단기),관심,False,False,False,True,84195.0,85015.0,81925.0,0.992,720.75,,
452250,ACE 미국30년국채선물레버리지(합성 H),System1(단기),청산,False,False,True,False,4290.0,4805.0,4285.0,0.897,77.5,,
452250,ACE 미국30년국채선물레버리지(합성 H),System2(중장기),청산,False,False,True,False,4290.0,5010.0,4285.0,0.86,77.5,,
452360,SOL 미국배당다우존스(H),System1(단기),청산,False,False,True,False,12910.0,13763.0,12920.0,0.941,104.05,,
452360,SOL 미국배당다우존스(H),System2(중장기),청산,False,False,True,False,12910.0,13763.0,12920.0,0.941,104.05,,
45226K,한화갤러리아우,System1(단기),관심,False,False,False,True,4560.0,4640.0,4230.0,0.991,138.75,,
453010,PLUS KOFR금리,System1(단기),진입,True,True,False,False,110105.0,110100.0,109960.0,1.0,19.75,,
453010,PLUS KOFR금리,System2(중장기),진입,True,True,False,False,110105.0,110100.0,109835.0,1.0,19.75,,
453080,KIWOOM 미국나스닥100(H),System1(단기),관심,False,False,False,True,23505.0,23845.0,22430.0,0.991,234.0,,
453080,KIWOOM 미국나스닥100(H),System2(중장기),관심,False,False,False,True,23505.0,23845.0,22295.0,0.991,234.0,,
453060,HANARO KOFR금리액티브(합성),System1(단기),진입,True,True,False,False,111675.0,111675.0,111525.0,1.0,16.0,,
453060,HANARO KOFR금리액티브(합성),System2(중장기),진입,True,True,False,False,111675.0,111675.0,111390.0,1.0,16.0,,
453650,KODEX 미국S&P500금융,System1(단기),청산,False,False,True,False,17990.0,19555.0,17950.0,0.923,247.25,,
453650,KODEX 미국S&P500금융,System2(중장기),청산,False,False,True,False,17990.0,20608.0,17950.0,0.876,247.25,,
453660,KODEX 미국S&P500경기소비재,System1(단기),청산,False,False,True,False,16010.0,17370.0,15940.0,0.922,203.75,,
453660,KODEX 미국S&P500경기소비재,System2(중장기),청산,False,False,True,False,16010.0,18962.0,15940.0,0.844,203.75,,
453810,KODEX 인도Nifty50,System1(단기),청산,False,False,True,False,10770.0,11765.0,10705.0,0.92,145.25,,
453810,KODEX 인도Nifty50,System2(중장기),청산,False,False,True,False,10770.0,12871.0,10705.0,0.841,145.25,,
453850,ACE 미국30년국채액티브(H),System1(단기),청산,False,False,True,False,6845.0,7170.0,6835.0,0.956,54.1,,
453850,ACE 미국30년국채액티브(H),System2(중장기),청산,False,False,True,False,6845.0,7306.0,6835.0,0.938,54.1,,
454180,KIWOOM 차이나내수소비TOP CSI,System1(단기),청산,False,False,True,False,7330.0,7755.0,7145.0,0.0,459.5,,
454180,KIWOOM 차이나내수소비TOP CSI,System2(중장기),청산,False,False,True,False,7330.0,8510.0,7145.0,0.0,459.5,,
454780,KIWOOM 종합채권(AA-이상)액티브,System1(단기),관심,False,False,False,True,99540.0,99820.0,98855.0,0.997,233.25,,
454780,KIWOOM 종합채권(AA-이상)액티브,System2(중장기),관심,False,False,False,True,99540.0,100045.0,98855.0,0.995,233.25,,
455660,ACE 미국하이일드액티브(H),System1(단기),청산,False,False,True,False,9155.0,9398.0,9155.0,0.975,34.45,,
455660,ACE 미국하이일드액티브(H),System2(중장기),청산,False,False,True,False,9155.0,9408.0,9155.0,0.974,34.45,,
455890,RISE 머니마켓액티브,System1(단기),진입,True,True,False,False,55615.0,55610.0,55530.0,1.0,9.75,,
455890,RISE 머니마켓액티브,System2(중장기),진입,True,True,False,False,55615.0,55610.0,55460.0,1.0,9.75,,
456250,KODEX 유럽명품TOP10 STOXX,System1(단기),청산,False,False,True,False,7845.0,9065.0,7830.0,0.868,119.25,,
456250,KODEX 유럽명품TOP10 STOXX,System2(중장기),청산,False,False,True,False,7845.0,9901.0,7830.0,0.795,119.25,,
457480,ACE 테슬라밸류체인액티브,System1(단기),청산,False,False,True,False,17675.0,19195.0,17615.0,0.925,412.0,,
457480,ACE 테슬라밸류체인액티브,System2(중장기),청산,False,False,True,False,17675.0,21945.0,17615.0,0.809,412.0,,
457690,KODEX 33-06 국고채액티브,System1(단기),관심,False,False,False,True,10465.0,10515.0,10340.0,0.996,42.75,,
457700,KODEX 53-09 국고채액티브,System1(단기),관심,False,False,False,True,9185.0,9225.0,8935.0,0.996,76.75,,
458210,KIWOOM CD금리액티브(합성),System1(단기),진입,True,True,False,False,110875.0,110865.0,110690.0,1.0,27.75,,
458210,KIWOOM CD금리액티브(합성),System2(중장기),진입,True,True,False,False,110875.0,110865.0,110565.0,1.0,27.75,,
458250,TIGER 미국30년국채스트립액티브(합성 H),System1(단기),청산,False,False,True,False,32200.0,34960.0,32240.0,0.923,406.5,,
458250,TIGER 미국30년국채스트립액티브(합성 H),System2(중장기),청산,False,False,True,False,32200.0,36235.0,32240.0,0.89,406.5,,
458730,TIGER 미국배당다우존스,System1(단기),청산,False,False,True,False,14195.0,15183.0,14200.0,0.937,135.2,,
458730,TIGER 미국배당다우존스,System2(중장기),청산,False,False,True,False,14195.0,15630.0,14200.0,0.91,135.2,,
458750,TIGER 미국배당다우존스타겟커버드콜1호,System1(단기),청산,False,False,True,False,12295.0,13151.0,12320.0,0.938,129.75,,
458750,TIGER 미국배당다우존스타겟커버드콜1호,System2(중장기),청산,False,False,True,False,12295.0,13577.0,12320.0,0.909,129.75,,
458760,TIGER 미국배당다우존스타겟커버드콜2호,System1(단기),청산,False,False,True,False,10340.0,11015.0,10375.0,0.943,99.4,,
458760,TIGER 미국배당다우존스타겟커버드콜2호,System2(중장기),청산,False,False,True,False,10340.0,11398.0,10375.0,0.911,99.4,,
459580,KODEX CD금리액티브(합성),System1(단기),진입,True,True,False,False,1073295.0,1073205.0,1071893.0,1.0,133.95,,
459580,KODEX CD금리액티브(합성),System2(중장기),진입,True,True,False,False,1073295.0,1073205.0,1070616.0,1.0,133.95,,
460660,RISE 미국S&P배당킹,System1(단기),청산,False,False,True,False,11160.0,12038.0,11109.0,0.93,163.95,,
460660,RISE 미국S&P배당킹,System2(중장기),청산,False,False,True,False,11160.0,12923.0,11109.0,0.866,163.95,,
460860,동국제강,System1(단기),청산,False,False,True,False,9480.0,10950.0,9210.0,0.884,454.0,,
460860,동국제강,System2(중장기),청산,False,False,True,False,9480.0,10980.0,9210.0,0.882,454.0,,
460960,ACE 글로벌인컴TOP10,System1(단기),청산,False,False,True,False,10435.0,11022.0,10435.0,0.952,125.95,,
460960,ACE 글로벌인컴TOP10,System2(중장기),청산,False,False,True,False,10435.0,11951.0,10435.0,0.878,125.95,,
461460,PLUS 국고채10년액티브,System1(단기),관심,False,False,False,True,51095.0,51530.0,50370.0,0.992,256.75,,
461450,KODEX 코스닥글로벌,System1(단기),관심,False,False,False,True,15665.0,15945.0,14620.0,0.991,430.85,,
461500,HANARO 종합채권(AA-이상)액티브,System1(단기),관심,False,False,False,True,105060.0,105370.0,104030.0,0.997,306.0,,
461500,HANARO 종합채권(AA-이상)액티브,System2(중장기),관심,False,False,False,True,105060.0,105755.0,104030.0,0.994,306.0,,
461580,TIGER 코스닥글로벌,System1(단기),관심,False,False,False,True,15985.0,16250.0,14925.0,0.992,406.0,,
463290,1Q 단기금융채액티브,System1(단기),진입,True,True,False,False,109490.0,109485.0,109355.0,1.0,19.4,,
463290,1Q 단기금융채액티브,System2(중장기),관심,False,False,False,True,109490.0,109677.0,109235.0,0.998,19.4,,
463300,RISE 중국본토CSI300,System1(단기),청산,False,False,True,False,12335.0,13380.0,12265.0,0.929,231.0,,
463300,RISE 중국본토CSI300,System2(중장기),청산,False,False,True,False,12335.0,15217.0,12265.0,0.817,231.0,,
464240,KIWOOM 26-09회사채(AA-이상)액티브,System1(단기),진입,True,True,True,False,52060.0,52060.0,51990.0,0.0,2618.0,,
464240,KIWOOM 26-09회사채(AA-이상)액티브,System2(중장기),진입,True,True,True,False,52060.0,52060.0,51950.0,0.0,2618.0,,
464600,SOL 자동차소부장Fn,System1(단기),관심,False,False,False,True,23490.0,23875.0,22000.0,0.996,644.5,,
464470,PLUS 미국채30년액티브,System1(단기),청산,False,False,True,False,44835.0,48084.0,44765.0,0.935,491.5,,
464470,PLUS 미국채30년액티브,System2(중장기),청산,False,False,True,False,44835.0,53537.0,44765.0,0.839,491.5,,
464920,PLUS 일본반도체소부장,System1(단기),관심,False,False,False,True,24370.0,25000.0,21510.0,0.996,914.4,,
465670,TIGER 미국캐시카우100,System1(단기),청산,False,False,True,False,15445.0,17258.0,15410.0,0.901,262.1,,
465670,TIGER 미국캐시카우100,System2(중장기),청산,False,False,True,False,15445.0,17866.0,15410.0,0.87,262.1,,
466940,TIGER 은행고배당플러스TOP10,System1(단기),청산,False,False,True,False,26325.0,28006.0,26621.0,0.968,688.55,,
468370,KODEX iShares미국인플레이션국채액티브,System1(단기),청산,False,False,True,False,10170.0,10635.0,10155.0,0.959,82.0,,
468370,KODEX iShares미국인플레이션국채액티브,System2(중장기),청산,False,False,True,False,10170.0,11708.0,10155.0,0.871,82.0,,
468380,KODEX iShares미국하이일드액티브,System1(단기),청산,False,False,True,False,10405.0,10863.0,10425.0,0.962,92.1,,
468380,KODEX iShares미국하이일드액티브,System2(중장기),청산,False,False,True,False,10405.0,11857.0,10425.0,0.881,92.1,,
468630,KODEX iShares미국투자등급회사채액티브,System1(단기),청산,False,False,True,False,10290.0,10813.0,10250.0,0.955,100.7,,
468630,KODEX iShares미국투자등급회사채액티브,System2(중장기),청산,False,False,True,False,10290.0,11950.0,10250.0,0.864,100.7,,
469050,RISE 미국반도체NYSE(H),System1(단기),관심,False,False,False,True,33985.0,34530.0,29785.0,0.995,789.0,,
469160,ACE 일본반도체,System1(단기),관심,False,False,False,True,25030.0,25190.0,22100.0,1.0,809.1,,
471040,KoAct 글로벌AI&로봇액티브,System1(단기),관심,False,False,False,True,29630.0,30470.0,27110.0,0.999,748.0,,
471230,KODEX 국고채10년액티브,System1(단기),관심,False,False,False,True,103495.0,104235.0,101930.0,0.994,557.0,,
471460,KIWOOM 국고채30년액티브,System1(단기),관심,False,False,False,True,45410.0,45736.0,44017.0,0.994,459.4,,
472870,RISE 미국30년국채엔화노출(합성 H),System1(단기),청산,False,False,True,False,6515.0,6983.0,6480.0,0.937,86.35,,
472870,RISE 미국30년국채엔화노출(합성 H),System2(중장기),청산,False,False,True,False,6515.0,7623.0,6480.0,0.858,86.35,,
472830,RISE 미국30년국채커버드콜(합성),System1(단기),청산,False,False,True,False,7350.0,7877.0,7350.0,0.937,80.95,,
472830,RISE 미국30년국채커버드콜(합성),System2(중장기),청산,False,False,True,False,7350.0,8840.0,7350.0,0.835,80.95,,
473330,SOL 미국30년국채커버드콜(합성),System1(단기),청산,False,False,True,False,7480.0,7942.0,7475.0,0.946,79.65,,
473330,SOL 미국30년국채커버드콜(합성),System2(중장기),청산,False,False,True,False,7480.0,8840.0,7475.0,0.85,79.65,,
472920,HK 종합채권(AA-이상)액티브,System1(단기),관심,False,False,False,True,98095.0,98355.0,97460.0,0.997,164.0,,
472920,HK 종합채권(AA-이상)액티브,System2(중장기),관심,False,False,False,True,98095.0,98435.0,97460.0,0.997,164.0,,
473290,KODEX 26-12 회사채(AA-이상)액티브,System1(단기),진입,True,True,False,False,10900.0,10900.0,10885.0,1.0,8.5,,
473290,KODEX 26-12 회사채(AA-이상)액티브,System2(중장기),진입,True,True,False,False,10900.0,10900.0,10875.0,1.0,8.5,,
473440,ACE 11월만기자동연장회사채AA-이상액티브,System1(단기),관심,False,False,False,True,10865.0,10880.0,10850.0,1.0,10.75,,
473440,ACE 11월만기자동연장회사채AA-이상액티브,System2(중장기),관심,False,False,False,True,10865.0,10880.0,10835.0,1.0,10.75,,
473640,HANARO 글로벌금채굴기업,System1(단기),청산,False,False,True,False,31565.0,36130.0,31220.0,0.879,983.65,,
473640,HANARO 글로벌금채굴기업,System2(중장기),청산,False,False,True,False,31565.0,38235.0,31220.0,0.83,983.65,,
474390,SOL 국고채30년액티브,System1(단기),관심,False,False,False,True,40610.0,40815.0,39680.0,0.996,299.7,,
474800,KIWOOM 미국원유에너지기업,System1(단기),청산,False,False,True,False,15230.0,16400.0,15110.0,0.938,345.0,,
474800,KIWOOM 미국원유에너지기업,System2(중장기),청산,False,False,True,False,15230.0,16460.0,15110.0,0.934,345.0,,
475270,ACE 5월만기자동연장회사채AA-이상액티브,System1(단기),관심,False,False,False,True,10735.0,10745.0,10730.0,0.999,7.0,,
475270,ACE 5월만기자동연장회사채AA-이상액티브,System2(중장기),관심,False,False,False,True,10735.0,10745.0,10730.0,0.999,7.0,,
475280,ACE 8월만기자동연장회사채AA-이상액티브,System1(단기),청산,False,False,True,True,10735.0,10750.0,10735.0,1.0,10.0,,
475280,ACE 8월만기자동연장회사채AA-이상액티브,System2(중장기),관심,False,False,False,True,10735.0,10750.0,10730.0,1.0,10.0,,
475310,SOL 반도체후공정,System1(단기),진입,True,True,False,False,30450.0,30380.0,25355.0,1.018,1184.75,,
475310,SOL 반도체후공정,System2(중장기),진입,True,True,False,False,30450.0,30380.0,24840.0,1.018,1184.75,,
475350,RISE 버크셔포트폴리오TOP10,System1(단기),청산,False,False,True,False,14045.0,14765.0,14050.0,0.956,184.9,,
475350,RISE 버크셔포트폴리오TOP10,System2(중장기),청산,False,False,True,False,14045.0,15805.0,14010.0,0.893,184.9,,
475380,RISE 글로벌리얼티인컴,System1(단기),청산,False,False,True,False,9640.0,10402.0,9670.0,0.934,101.45,,
475380,RISE 글로벌리얼티인컴,System2(중장기),청산,False,False,True,False,9640.0,11221.0,9670.0,0.866,101.45,,
476000,UNICORN 포스트IPO액티브,System1(단기),청산,False,False,True,False,4850.0,5370.0,4895.0,0.938,168.75,,
475630,TIGER CD1년금리액티브(합성),System1(단기),진입,True,True,False,False,1078685.0,1078600.0,1077100.0,1.0,144.5,,
475630,TIGER CD1년금리액티브(합성),System2(중장기),진입,True,True,False,False,1078685.0,1078600.0,1075805.0,1.0,144.5,,
476070,KODEX 글로벌비만치료제TOP2 Plus,System1(단기),청산,False,False,True,False,10265.0,11380.0,10250.0,0.914,218.75,,
476070,KODEX 글로벌비만치료제TOP2 Plus,System2(중장기),청산,False,False,True,False,10265.0,12399.0,10250.0,0.839,218.75,,
476550,TIGER 미국30년국채커버드콜액티브(H),System1(단기),청산,False,False,True,False,6440.0,6752.0,6435.0,0.955,47.5,,
476550,TIGER 미국30년국채커버드콜액티브(H),System2(중장기),청산,False,False,True,False,6440.0,6888.0,6435.0,0.936,47.5,,
476750,ACE 미국30년국채엔화노출액티브(H),System1(단기),청산,False,False,True,False,7050.0,7547.0,7005.0,0.938,90.2,,
476750,ACE 미국30년국채엔화노출액티브(H),System2(중장기),청산,False,False,True,False,7050.0,8201.0,7005.0,0.863,90.2,,
476760,ACE 미국30년국채액티브,System1(단기),청산,False,False,True,False,8370.0,8938.0,8365.0,0.94,94.95,,
476760,ACE 미국30년국채액티브,System2(중장기),청산,False,False,True,False,8370.0,9973.0,8365.0,0.842,94.95,,
477050,PLUS 머니마켓액티브,System1(단기),진입,True,True,False,False,53630.0,53625.0,53565.0,1.0,12.5,,
477050,PLUS 머니마켓액티브,System2(중장기),진입,True,True,False,False,53630.0,53625.0,53500.0,1.0,12.5,,
477730,KODEX 인도타타그룹,System1(단기),청산,False,False,True,False,6815.0,7560.0,6810.0,0.91,105.6,,
477730,KODEX 인도타타그룹,System2(중장기),청산,False,False,True,False,6815.0,8120.0,6810.0,0.847,105.6,,
477080,RISE CD금리액티브(합성),System1(단기),진입,True,True,False,False,107720.0,107715.0,107570.0,1.0,19.1,,
477080,RISE CD금리액티브(합성),System2(중장기),진입,True,True,False,False,107720.0,107715.0,107445.0,1.0,19.1,,
478150,TIME 글로벌우주테크&방산액티브,System1(단기),청산,False,False,True,False,17700.0,19545.0,17650.0,0.914,275.0,,
478150,TIME 글로벌우주테크&방산액티브,System2(중장기),청산,False,False,True,False,17700.0,22800.0,17650.0,0.783,275.0,,
479080,1Q 머니마켓액티브,System1(단기),진입,True,True,False,False,53905.0,53900.0,53815.0,1.0,10.5,,
479080,1Q 머니마켓액티브,System2(중장기),진입,True,True,False,False,53905.0,53900.0,53750.0,1.0,10.5,,
479520,RISE KOFR금리액티브(합성),System1(단기),진입,True,True,False,False,106625.0,106615.0,106460.0,1.0,23.5,,
479520,RISE KOFR금리액티브(합성),System2(중장기),진입,True,True,False,False,106625.0,106615.0,106340.0,1.0,23.5,,
479730,TIGER 인도빌리언컨슈머,System1(단기),청산,False,False,True,False,9165.0,10300.0,9155.0,0.909,200.9,,
479730,TIGER 인도빌리언컨슈머,System2(중장기),청산,False,False,True,False,9165.0,10715.0,9155.0,0.874,200.9,,
479850,HANARO K-뷰티,System1(단기),청산,False,False,True,False,17300.0,21055.0,17470.0,0.849,566.5,,
479850,HANARO K-뷰티,System2(중장기),청산,False,False,True,False,17300.0,21055.0,17390.0,0.849,566.5,,
480460,WON 한국부동산TOP3플러스,System1(단기),청산,False,False,True,False,9155.0,9448.0,8900.0,0.971,143.15,,
480460,WON 한국부동산TOP3플러스,System2(중장기),청산,False,False,True,False,9155.0,9487.0,8900.0,0.967,143.15,,
481050,KODEX CD1년금리플러스액티브(합성),System1(단기),진입,True,True,False,False,1021507.0,1021420.0,1019998.0,1.0,140.4,,
481050,KODEX CD1년금리플러스액티브(합성),System2(중장기),진입,True,True,False,False,1021507.0,1021420.0,1018712.0,1.0,140.4,,
481060,KODEX 미국30년국채타겟커버드콜(합성 H),System1(단기),청산,False,False,True,False,7070.0,7403.0,7070.0,0.957,49.7,,
481060,KODEX 미국30년국채타겟커버드콜(합성 H),System2(중장기),청산,False,False,True,False,7070.0,7469.0,7070.0,0.949,49.7,,
481340,RISE 미국30년국채액티브,System1(단기),청산,False,False,True,False,7935.0,8622.0,7930.0,0.925,106.0,,
481340,RISE 미국30년국채액티브,System2(중장기),청산,False,False,True,False,7935.0,9588.0,7930.0,0.832,106.0,,
482030,KoAct 반도체&2차전지핵심소재액티브,System2(중장기),관심,False,False,False,True,9515.0,9725.0,8600.0,0.991,263.75,,
481430,RISE 국고채10년액티브,System1(단기),관심,False,False,False,True,97805.0,98515.0,96310.0,0.993,486.75,,
483290,KODEX 미국배당다우존스타겟커버드콜,System1(단기),청산,False,False,True,False,9682.0,10285.0,9715.0,0.945,98.8,,
483290,KODEX 미국배당다우존스타겟커버드콜,System2(중장기),청산,False,False,True,False,9682.0,10750.0,9715.0,0.904,98.8,,
484790,KODEX 미국30년국채액티브(H),System1(단기),청산,False,False,True,False,7875.0,8243.0,7850.0,0.956,62.55,,
484790,KODEX 미국30년국채액티브(H),System2(중장기),청산,False,False,True,False,7875.0,8385.0,7850.0,0.94,62.55,,
484870,엠앤씨솔루션,System1(단기),청산,False,False,True,False,17780.0,19540.0,17450.0,0.959,1069.5,,
484880,SOL 금융지주플러스고배당,System1(단기),청산,False,False,True,False,22405.0,23856.0,22631.0,0.966,629.65,,
485810,TIME 글로벌바이오액티브,System2(중장기),관심,False,False,False,True,11980.0,12085.0,10200.0,0.996,219.5,,
487340,ACE 머니마켓액티브,System1(단기),진입,True,True,False,False,106150.0,106135.0,105965.0,1.0,20.25,,
487340,ACE 머니마켓액티브,System2(중장기),진입,True,True,False,False,106150.0,106135.0,105825.0,1.0,20.25,,
487910,ACE 인도컨슈머파워액티브,System1(단기),청산,False,False,True,False,7770.0,8510.0,7800.0,0.922,121.75,,
487910,ACE 인도컨슈머파워액티브,System2(중장기),청산,False,False,True,False,7770.0,9060.0,7800.0,0.866,121.75,,
487920,ACE 인도시장대표BIG5그룹액티브,System1(단기),청산,False,False,True,False,7275.0,7990.0,7225.0,0.913,108.0,,
487920,ACE 인도시장대표BIG5그룹액티브,System2(중장기),청산,False,False,True,False,7275.0,8730.0,7225.0,0.836,108.0,,
488200,KIWOOM K-2차전지북미공급망,System1(단기),청산,False,False,True,False,12550.0,13475.0,12420.0,0.0,1011.25,,
488200,KIWOOM K-2차전지북미공급망,System2(중장기),청산,False,False,True,False,12550.0,13475.0,12265.0,0.0,1011.25,,
488210,KIWOOM K-반도체북미공급망,System1(단기),청산,False,False,True,False,25860.0,26575.0,23330.0,0.0,2186.5,,
488210,KIWOOM K-반도체북미공급망,System2(중장기),청산,False,False,True,False,25860.0,26825.0,21225.0,0.0,2186.5,,
488500,TIGER 미국S&P500동일가중,System1(단기),청산,False,False,True,False,12025.0,12785.0,11980.0,0.943,129.5,,
488500,TIGER 미국S&P500동일가중,System2(중장기),청산,False,False,True,False,12025.0,13598.0,11980.0,0.887,129.5,,
488720,WON 종합채권(AA-이상)액티브,System1(단기),관심,False,False,False,True,48570.0,48750.0,48295.0,0.996,96.0,,
488720,WON 종합채권(AA-이상)액티브,System2(중장기),관심,False,False,False,True,48570.0,48860.0,48295.0,0.994,96.0,,
488770,KODEX 머니마켓액티브,System1(단기),진입,True,True,False,False,105675.0,105665.0,105510.0,1.0,16.0,,
488770,KODEX 머니마켓액티브,System2(중장기),진입,True,True,False,False,105675.0,105665.0,105375.0,1.0,16.0,,
488980,SOL 26-12 회사채(AA-이상)액티브,System1(단기),진입,True,True,False,False,52240.0,52240.0,52175.0,1.0,13.75,,
488980,SOL 26-12 회사채(AA-이상)액티브,System2(중장기),진입,True,True,False,False,52240.0,52240.0,52110.0,1.0,13.75,,
489250,KODEX 미국배당다우존스,System1(단기),청산,False,False,True,False,12245.0,13079.0,12250.0,0.939,120.9,,
489250,KODEX 미국배당다우존스,System2(중장기),청산,False,False,True,False,12245.0,13487.0,12250.0,0.91,120.9,,
489790,한화비전,System1(단기),관심,False,False,False,True,50200.0,51100.0,43200.0,0.992,1960.0,,
490490,SOL 미국배당미국채혼합50,System1(단기),청산,False,False,True,False,10525.0,11218.0,10500.0,0.94,148.05,,
490490,SOL 미국배당미국채혼합50,System2(중장기),청산,False,False,True,False,10525.0,11790.0,10500.0,0.895,148.05,,
490600,RISE 미국배당100데일리고정커버드콜,System1(단기),청산,False,False,True,False,8495.0,9105.0,8490.0,0.935,88.05,,
490600,RISE 미국배당100데일리고정커버드콜,System2(중장기),청산,False,False,True,False,8495.0,9396.0,8490.0,0.906,88.05,,
491230,PLUS 국공채머니마켓액티브,System1(단기),진입,True,True,False,False,52620.0,52615.0,52525.0,1.0,18.4,,
491230,PLUS 국공채머니마켓액티브,System2(중장기),진입,True,True,False,False,52620.0,52615.0,52485.0,1.0,18.4,,
491510,파워 K-주주가치액티브,System1(단기),청산,False,False,True,False,17655.0,18340.0,17645.0,0.975,303.85,,
491510,파워 K-주주가치액티브,System2(중장기),청산,False,False,True,False,17655.0,18340.0,17645.0,0.975,303.85,,
491610,1Q CD금리액티브(합성),System1(단기),진입,True,True,False,False,105112.0,105105.0,104960.0,1.0,16.5,,
491610,1Q CD금리액티브(합성),System2(중장기),진입,True,True,False,False,105112.0,105105.0,104840.0,1.0,16.5,,
492500,1Q 현대차그룹채권(A+이상)&국고통안,System1(단기),관심,False,False,False,True,51325.0,51405.0,51220.0,0.999,50.0,,
492500,1Q 현대차그룹채권(A+이상)&국고통안,System2(중장기),관심,False,False,False,True,51325.0,51405.0,51220.0,0.999,50.0,,
493420,SOL 미국배당다우존스2호,System1(단기),청산,False,False,True,False,12025.0,12892.0,12030.0,0.936,132.2,,
493420,SOL 미국배당다우존스2호,System2(중장기),청산,False,False,True,False,12025.0,13285.0,12030.0,0.908,132.2,,
494330,ACE 라이프자산주주가치액티브,System1(단기),관심,False,False,False,True,32635.0,33470.0,31895.0,0.992,490.25,,
494420,PLUS 미국배당증가성장주데일리커버드콜,System1(단기),청산,False,False,True,False,8665.0,9173.0,8570.0,0.946,125.4,,
494420,PLUS 미국배당증가성장주데일리커버드콜,System2(중장기),청산,False,False,True,False,8665.0,10168.0,8550.0,0.854,125.4,,
494840,TIGER 미국방산TOP10,System1(단기),청산,False,False,True,False,11485.0,13020.0,11480.0,0.883,187.0,,
494840,TIGER 미국방산TOP10,System2(중장기),청산,False,False,True,False,11485.0,14668.0,11480.0,0.784,187.0,,
496770,PLUS 글로벌방산,System1(단기),청산,False,False,True,False,15710.0,17905.0,15715.0,0.882,433.0,,
496770,PLUS 글로벌방산,System2(중장기),청산,False,False,True,False,15710.0,19915.0,15715.0,0.793,433.0,,
497570,TIGER 미국필라델피아AI반도체나스닥,System1(단기),관심,False,False,False,True,22525.0,22735.0,19970.0,0.998,433.0,,
497780,KoAct 미국천연가스인프라액티브,System1(단기),청산,False,False,True,False,9730.0,10741.0,9730.0,0.91,188.35,,
497780,KoAct 미국천연가스인프라액티브,System2(중장기),청산,False,False,True,False,9730.0,11659.0,9730.0,0.838,188.35,,
498180,파워 종합채권(AA-이상)액티브,System1(단기),관심,False,False,False,True,93200.0,93515.0,92485.0,0.997,213.25,,
498180,파워 종합채권(AA-이상)액티브,System2(중장기),관심,False,False,False,True,93200.0,93825.0,92485.0,0.993,213.25,,
498410,KODEX 금융고배당TOP10타겟위클리커버드콜,System1(단기),청산,False,False,True,False,11460.0,12194.0,11546.0,0.96,252.4,,
498410,KODEX 금융고배당TOP10타겟위클리커버드콜,System2(중장기),청산,False,False,True,False,11460.0,12418.0,11468.0,0.943,252.4,,
498610,RISE 인도디지털성장,System1(단기),청산,False,False,True,False,7420.0,8365.0,7425.0,0.889,118.75,,
498610,RISE 인도디지털성장,System2(중장기),청산,False,False,True,False,7420.0,8915.0,7425.0,0.834,118.75,,
498860,RISE 코리아금융고배당,System1(단기),청산,False,False,True,False,16320.0,17164.0,16355.0,0.962,306.6,,
498860,RISE 코리아금융고배당,System2(중장기),청산,False,False,True,False,16320.0,18767.0,16355.0,0.88,306.6,,
499660,TIGER CD금리플러스액티브(합성),System1(단기),진입,True,True,False,False,999997.0,999905.0,998538.0,1.0,134.85,,
499660,TIGER CD금리플러스액티브(합성),System2(중장기),진입,True,True,False,False,999997.0,999905.0,997312.0,1.0,134.85,,
0004Y0,디비금융제14호스팩,System2(중장기),관심,False,False,False,True,2005.0,2015.0,1930.0,0.998,12.95,,
900300,오가닉티코스메틱,System1(단기),청산,False,False,True,False,2645.0,4575.0,2760.0,0.636,292.0,,
900300,오가닉티코스메틱,System2(중장기),청산,False,False,True,False,2645.0,4575.0,2760.0,0.636,292.0,,
900270,헝셩그룹,System1(단기),청산,False,False,True,False,2525.0,4140.0,2600.0,0.656,451.5,,
900270,헝셩그룹,System2(중장기),청산,False,False,True,False,2525.0,4605.0,2600.0,0.59,451.5,,
900290,GRT,System1(단기),청산,False,False,True,False,3325.0,4450.0,3255.0,0.764,219.75,,
900290,GRT,System2(중장기),청산,False,False,True,False,3325.0,4450.0,3255.0,0.764,219.75,,
900340,윙입푸드,System1(단기),청산,False,False,True,False,1216.0,1743.0,1200.0,0.717,90.95,,
900340,윙입푸드,System2(중장기),청산,False,False,True,False,1216.0,2495.0,1200.0,0.501,90.95,,
900260,로스웰,System1(단기),청산,False,False,True,False,1951.0,2125.0,1800.0,0.931,173.1,,
900260,로스웰,System2(중장기),청산,False,False,True,False,1951.0,2125.0,1641.0,0.931,173.1,,
0015N0,아로마티카,System1(단기),청산,False,False,True,False,10400.0,14250.0,10520.0,0.767,1284.0,,
001000,신라섬유,System1(단기),청산,False,False,True,False,1623.0,2550.0,1655.0,0.689,103.2,,
001000,신라섬유,System2(중장기),청산,False,False,True,False,1623.0,5450.0,1655.0,0.322,103.2,,
900310,컬러레이,System1(단기),청산,False,False,True,False,2030.0,2410.0,1986.0,0.867,194.4,,
900310,컬러레이,System2(중장기),청산,False,False,True,False,2030.0,2410.0,1986.0,0.867,194.4,,
0037T0,KB제32호스팩,System1(단기),관심,False,False,False,True,1990.0,2000.0,1901.0,0.997,18.15,,
0037T0,KB제32호스팩,System2(중장기),관심,False,False,False,True,1990.0,2000.0,1901.0,0.997,18.15,,
0041B0,교보18호스팩,System1(단기),청산,False,False,True,False,2005.0,2015.0,1998.0,1.0,9.9,,
0044K0,삼성스팩10호,System1(단기),청산,False,False,True,True,1985.0,2000.0,1970.0,0.994,17.6,,
0044K0,삼성스팩10호,System2(중장기),청산,False,False,True,True,1985.0,2000.0,1970.0,0.994,17.6,,
0041J0,엘에스스팩1호,System1(단기),관심,False,False,False,True,1993.0,1999.0,1900.0,0.997,22.6,,
0041J0,엘에스스팩1호,System2(중장기),관심,False,False,False,True,1993.0,1999.0,1900.0,0.997,22.6,,
003380,하림지주,System1(단기),청산,False,False,True,False,10780.0,12100.0,10740.0,0.906,436.5,,
004780,대륙제관,System1(단기),청산,False,False,True,False,4175.0,4525.0,4130.0,0.943,131.75,,
0071M0,삼성스팩11호,System1(단기),관심,False,False,False,True,1991.0,1995.0,1951.0,0.998,21.45,,
005290,동진쎄미켐,System2(중장기),관심,False,False,False,True,47850.0,50300.0,38850.0,0.991,1810.0,,
005670,푸드웰,System1(단기),청산,False,False,True,False,6110.0,6650.0,6100.0,0.94,190.0,,
005670,푸드웰,System2(중장기),청산,False,False,True,False,6110.0,7230.0,6100.0,0.864,190.0,,
006050,국영지앤엠,System1(단기),청산,False,False,True,False,3035.0,5740.0,3105.0,0.554,328.75,,
006050,국영지앤엠,System2(중장기),청산,False,False,True,False,3035.0,6030.0,3105.0,0.527,328.75,,
0091W0,신영스팩11호,System1(단기),관심,False,False,False,True,2025.0,2060.0,1966.0,0.99,24.75,,
0091W0,신영스팩11호,System2(중장기),관심,False,False,False,True,2025.0,2060.0,1966.0,0.99,24.75,,
0093G0,미래에셋비전스팩8호,System1(단기),관심,False,False,False,True,1986.0,1999.0,1941.0,0.993,19.25,,
0093G0,미래에셋비전스팩8호,System2(중장기),관심,False,False,False,True,1986.0,2000.0,1941.0,0.993,19.25,,
0097F0,미래에셋비전스팩10호,System1(단기),관심,False,False,False,True,1985.0,1999.0,1950.0,0.996,16.4,,
0097F0,미래에셋비전스팩10호,System2(중장기),관심,False,False,False,True,1985.0,2005.0,1950.0,0.994,16.4,,
0105P0,유진스팩12호,System1(단기),청산,False,False,True,False,1982.0,2010.0,1952.0,0.988,15.2,,
0105P0,유진스팩12호,System2(중장기),청산,False,False,True,False,1982.0,2055.0,1952.0,0.966,15.2,,
010470,오리콤,System1(단기),관심,False,False,False,True,5030.0,5090.0,4865.0,0.994,105.5,,
010470,오리콤,System2(중장기),관심,False,False,False,True,5030.0,5090.0,4710.0,0.994,105.5,,
011080,형지I&C,System1(단기),청산,False,False,True,False,419.0,945.0,439.0,0.497,87.85,,
011080,형지I&C,System2(중장기),청산,False,False,True,False,419.0,3100.0,439.0,0.152,87.85,,
0130D0,신한제17호스팩,System1(단기),관심,False,False,False,True,1970.0,1984.0,1940.0,0.993,15.9,,
0130H0,엔에이치스팩33호,System1(단기),관심,False,False,False,True,1994.0,2015.0,1950.0,0.991,21.0,,
0164H0,한국제16호스팩,System1(단기),청산,False,False,True,True,1944.0,1963.0,1935.0,0.993,11.25,,
0164H0,한국제16호스팩,System2(중장기),청산,False,False,True,True,1944.0,1963.0,1935.0,0.993,11.25,,
014970,삼륭물산,System1(단기),청산,False,False,True,False,4295.0,5430.0,4280.0,0.801,277.0,,
014970,삼륭물산,System2(중장기),청산,False,False,True,False,4295.0,5800.0,4280.0,0.75,277.0,,
017000,신원종합개발,System1(단기),청산,False,False,True,False,2280.0,2650.0,2270.0,0.874,102.25,,
017000,신원종합개발,System2(중장기),청산,False,False,True,False,2280.0,2715.0,2270.0,0.853,102.25,,
017650,대림제지,System1(단기),청산,False,False,True,False,10800.0,10890.0,0.0,0.0,3890.5,,
017650,대림제지,System2(중장기),청산,False,False,True,False,10800.0,10890.0,0.0,0.0,3890.5,,
018000,유니슨,System1(단기),청산,False,False,True,False,1136.0,1300.0,1126.0,0.879,56.7,,
018000,유니슨,System2(중장기),청산,False,False,True,False,1136.0,1337.0,1126.0,0.855,56.7,,
018120,진로발효,System1(단기),관심,False,False,False,True,16750.0,17000.0,16200.0,0.991,229.5,,
018120,진로발효,System2(중장기),관심,False,False,False,True,16750.0,17000.0,16200.0,0.991,229.5,,
019210,와이지-원,System1(단기),청산,False,False,True,False,12650.0,14770.0,12010.0,0.856,804.0,,
019210,와이지-원,System2(중장기),청산,False,False,True,False,12650.0,24800.0,12010.0,0.51,804.0,,
019660,글로본,System1(단기),청산,False,False,True,False,1439.0,1560.0,1440.0,0.94,65.9,,
021080,에이티넘인베스트,System1(단기),청산,False,False,True,False,2050.0,2295.0,2045.0,0.906,60.75,,
021080,에이티넘인베스트,System2(중장기),청산,False,False,True,False,2050.0,2450.0,2045.0,0.849,60.75,,
021045,대호특수강우,System1(단기),청산,False,False,True,False,1950.0,2635.0,1961.0,0.757,169.6,,
021045,대호특수강우,System2(중장기),청산,False,False,True,False,1950.0,2900.0,1961.0,0.688,169.6,,
023600,삼보판지,System1(단기),청산,False,False,True,False,8980.0,9700.0,9000.0,0.939,232.0,,
023600,삼보판지,System2(중장기),청산,False,False,True,False,8980.0,9700.0,9000.0,0.939,232.0,,
023770,플레이위드,System1(단기),청산,False,False,True,False,2480.0,3430.0,2500.0,0.745,250.0,,
024060,흥구석유,System1(단기),청산,False,False,True,False,11920.0,17310.0,11900.0,0.694,1248.5,,
024950,삼천리자전거,System1(단기),청산,False,False,True,False,4177.0,4850.0,4170.0,0.877,207.75,,
024950,삼천리자전거,System2(중장기),청산,False,False,True,False,4177.0,5040.0,4170.0,0.844,207.75,,
025870,신라에스지,System1(단기),청산,False,False,True,False,1059.0,2340.0,0.0,0.0,714.1,,
025870,신라에스지,System2(중장기),청산,False,False,True,False,1059.0,3260.0,0.0,0.0,714.1,,
025950,동신건설,System1(단기),청산,False,False,True,False,9940.0,10590.0,9710.0,0.939,384.5,,
025950,동신건설,System2(중장기),청산,False,False,True,False,9940.0,15170.0,9710.0,0.655,384.5,,
026910,광진실업,System1(단기),청산,False,False,True,False,2270.0,4095.0,2130.0,0.574,421.5,,
026910,광진실업,System2(중장기),청산,False,False,True,False,2270.0,6710.0,2130.0,0.35,421.5,,
027710,팜스토리,System1(단기),청산,False,False,True,False,1105.0,1174.0,1106.0,0.953,22.8,,
027830,대성창투,System1(단기),청산,False,False,True,False,740.0,989.0,734.0,0.799,45.35,,
027830,대성창투,System2(중장기),청산,False,False,True,False,740.0,1070.0,734.0,0.738,45.35,,
028080,휴맥스홀딩스,System1(단기),청산,False,False,True,False,5170.0,5630.0,0.0,0.0,778.0,,
028080,휴맥스홀딩스,System2(중장기),청산,False,False,True,False,5170.0,6160.0,0.0,0.0,778.0,,
031860,디에이치엑스컴퍼니,System2(중장기),진입,True,True,True,False,6930.0,6930.0,0.0,0.0,6930.0,,
032080,아즈텍WB,System1(단기),청산,False,False,True,False,1010.0,1105.0,0.0,0.0,527.3,,
032080,아즈텍WB,System2(중장기),청산,False,False,True,False,1010.0,1152.0,0.0,0.0,527.3,,
032750,삼진,System1(단기),청산,False,False,True,False,2925.0,3200.0,2915.0,0.928,78.5,,
032685,소프트센우,System1(단기),청산,False,False,True,False,5810.0,11100.0,5610.0,0.524,555.0,,
032685,소프트센우,System2(중장기),청산,False,False,True,False,5810.0,16920.0,5610.0,0.344,555.0,,
033100,제룡전기,System1(단기),관심,False,False,False,True,47700.0,48900.0,44000.0,0.994,1605.0,,
033340,좋은사람들,System1(단기),청산,False,False,True,False,460.0,710.0,0.0,0.0,357.15,,
033340,좋은사람들,System2(중장기),청산,False,False,True,False,460.0,711.0,0.0,0.0,357.15,,
033640,네패스,System1(단기),관심,False,False,False,True,28700.0,29550.0,21500.0,0.997,1685.0,,
033640,네패스,System2(중장기),관심,False,False,False,True,28700.0,29550.0,20950.0,0.997,1685.0,,
034950,한국기업평가,System1(단기),관심,False,False,False,True,103400.0,105500.0,102600.0,0.995,1255.0,,
034950,한국기업평가,System2(중장기),관심,False,False,False,True,103400.0,105500.0,101700.0,0.995,1255.0,,
034940,조아제약,System1(단기),청산,False,False,True,False,2575.0,3355.0,2580.0,0.793,188.75,,
034940,조아제약,System2(중장기),청산,False,False,True,False,2575.0,3905.0,2580.0,0.681,188.75,,
035290,골드앤에스,System1(단기),청산,False,False,True,False,384.0,2975.0,0.0,0.0,371.55,,
035290,골드앤에스,System2(중장기),청산,False,False,True,False,384.0,2990.0,0.0,0.0,371.55,,
035600,KG이니시스,System1(단기),청산,False,False,True,False,9880.0,10650.0,9850.0,0.931,167.0,,
035600,KG이니시스,System2(중장기),청산,False,False,True,False,9880.0,10710.0,9850.0,0.926,167.0,,
035760,CJ ENM,System1(단기),관심,False,False,False,True,38800.0,39550.0,34300.0,0.997,1745.0,,
035760,CJ ENM,System2(중장기),관심,False,False,False,True,38800.0,39550.0,31750.0,0.997,1745.0,,
035810,이지홀딩스,System1(단기),청산,False,False,True,False,4465.0,4770.0,4460.0,0.95,93.25,,
035810,이지홀딩스,System2(중장기),청산,False,False,True,False,4465.0,4770.0,4460.0,0.95,93.25,,
037070,파세코,System1(단기),관심,False,False,False,True,6630.0,6690.0,5900.0,0.994,232.0,,
038060,루멘스바이오스,System1(단기),청산,False,False,True,False,689.0,890.0,0.0,0.0,374.15,,
038060,루멘스바이오스,System2(중장기),청산,False,False,True,False,689.0,1200.0,0.0,0.0,374.15,,
038620,위즈코프,System1(단기),관심,False,False,False,True,2005.0,2055.0,1851.0,0.993,81.9,,
039420,케이엘넷,System1(단기),청산,False,False,True,False,2645.0,2830.0,2635.0,0.945,68.5,,
039420,케이엘넷,System2(중장기),청산,False,False,True,False,2645.0,2935.0,2635.0,0.911,68.5,,
041460,한국전자인증,System1(단기),청산,False,False,True,False,3245.0,3800.0,3265.0,0.874,115.25,,
041460,한국전자인증,System2(중장기),청산,False,False,True,False,3245.0,3800.0,3265.0,0.874,115.25,,
041830,인바디,System1(단기),청산,False,False,True,False,52200.0,63400.0,52200.0,0.85,3005.0,,
041830,인바디,System2(중장기),청산,False,False,True,False,52200.0,73500.0,52200.0,0.733,3005.0,,
042940,상지건설,System1(단기),청산,False,False,True,False,5230.0,6209.0,5220.0,0.875,277.5,,
042940,상지건설,System2(중장기),청산,False,False,True,False,5230.0,6950.0,5220.0,0.781,277.5,,
043340,에쎈테크,System1(단기),청산,False,False,True,False,616.0,973.0,617.0,0.647,57.0,,
043340,에쎈테크,System2(중장기),청산,False,False,True,False,616.0,1011.0,617.0,0.623,57.0,,
043610,KT지니뮤직,System1(단기),청산,False,False,True,False,1093.0,1227.0,1107.0,0.916,35.15,,
043610,KT지니뮤직,System2(중장기),청산,False,False,True,False,1093.0,1438.0,1107.0,0.782,35.15,,
043650,국순당,System1(단기),청산,False,False,True,False,3490.0,4495.0,3485.0,0.781,175.5,,
043590,웰킵스하이텍,System1(단기),관심,False,False,False,True,1673.0,1766.0,1456.0,0.999,74.35,,
043590,웰킵스하이텍,System2(중장기),관심,False,False,False,True,1673.0,1766.0,1380.0,0.999,74.35,,
044780,에이치케이,System1(단기),청산,False,False,True,False,1314.0,1645.0,1310.0,0.837,76.95,,
047310,파워로직스,System1(단기),관심,False,False,False,True,3180.0,3220.0,2890.0,0.991,110.9,,
048550,SM C&C,System1(단기),청산,False,False,True,False,1020.0,1374.0,1039.0,0.772,65.1,,
048550,SM C&C,System2(중장기),청산,False,False,True,False,1020.0,1808.0,1010.0,0.587,65.1,,
050110,캠시스,System1(단기),청산,False,False,True,False,1079.0,1205.0,0.0,0.0,674.15,,
050110,캠시스,System2(중장기),청산,False,False,True,False,1079.0,1400.0,0.0,0.0,674.15,,
051490,나라엠앤디,System1(단기),청산,False,False,True,False,2465.0,3470.0,2460.0,0.733,141.5,,
051490,나라엠앤디,System2(중장기),청산,False,False,True,False,2465.0,3470.0,2460.0,0.733,141.5,,
051980,중앙첨단소재,System1(단기),청산,False,False,True,False,1035.0,1256.0,0.0,0.0,675.7,,
051980,중앙첨단소재,System2(중장기),청산,False,False,True,False,1035.0,1256.0,0.0,0.0,675.7,,
052710,아모텍,System1(단기),관심,False,False,False,True,18510.0,19800.0,14910.0,0.992,1361.5,,
052710,아모텍,System2(중장기),관심,False,False,False,True,18510.0,19800.0,10300.0,0.992,1361.5,,
053060,세동,System1(단기),청산,False,False,True,False,1217.0,1450.0,1205.0,0.861,41.25,,
053060,세동,System2(중장기),청산,False,False,True,False,1217.0,1585.0,1205.0,0.788,41.25,,
054450,텔레칩스,System1(단기),관심,False,False,False,True,10130.0,10410.0,9080.0,0.994,337.5,,
054410,케이피티유,System1(단기),청산,False,False,True,False,3020.0,3790.0,3175.0,0.859,171.35,,
054410,케이피티유,System2(중장기),청산,False,False,True,False,3020.0,3960.0,3175.0,0.822,171.35,,
056090,시지메드텍,System1(단기),청산,False,False,True,False,1190.0,1232.0,0.0,0.0,799.8,,
056090,시지메드텍,System2(중장기),청산,False,False,True,False,1190.0,1232.0,0.0,0.0,799.8,,
057540,옴니시스템,System1(단기),청산,False,False,True,False,602.0,645.0,0.0,0.0,138.35,,
057540,옴니시스템,System2(중장기),청산,False,False,True,False,602.0,999.0,0.0,0.0,138.35,,
056730,CNT85,System1(단기),청산,False,False,True,False,1225.0,1450.0,1205.0,0.857,103.85,,
056730,CNT85,System2(중장기),청산,False,False,True,False,1225.0,1772.0,1194.0,0.701,103.85,,
058450,한주에이알티,System1(단기),청산,False,False,True,False,571.0,1882.0,535.0,0.315,174.9,,
058450,한주에이알티,System2(중장기),청산,False,False,True,False,571.0,4870.0,535.0,0.122,174.9,,
061090,세나테크놀로지,System1(단기),청산,False,False,True,False,36200.0,41950.0,35500.0,0.878,1467.5,,
061090,세나테크놀로지,System2(중장기),청산,False,False,True,False,36200.0,49400.0,35500.0,0.746,1467.5,,
060900,에이전트AI,System1(단기),청산,False,False,True,False,2220.0,3900.0,2210.0,0.61,253.5,,
060900,에이전트AI,System2(중장기),청산,False,False,True,False,2220.0,4885.0,2210.0,0.487,253.5,,
061040,알에프텍,System1(단기),관심,False,False,False,True,7180.0,7830.0,6880.0,0.996,405.5,,
061040,알에프텍,System2(중장기),관심,False,False,False,True,7180.0,7830.0,6880.0,0.996,405.5,,
063440,SM Life Design,System1(단기),관심,False,False,False,True,1094.0,1106.0,953.0,0.992,33.45,,
063170,서울옥션,System1(단기),청산,False,False,True,False,5660.0,6480.0,5520.0,0.881,321.5,,
063170,서울옥션,System2(중장기),청산,False,False,True,False,5660.0,6480.0,5520.0,0.881,321.5,,
063760,이엘피,System1(단기),청산,False,False,True,False,2065.0,2585.0,2155.0,0.853,122.25,,
063760,이엘피,System2(중장기),청산,False,False,True,False,2065.0,2680.0,2155.0,0.823,122.25,,
064480,브리지텍,System1(단기),청산,False,False,True,False,2535.0,2855.0,2520.0,0.893,68.0,,
064480,브리지텍,System2(중장기),청산,False,False,True,False,2535.0,3030.0,2520.0,0.842,68.0,,
065060,지엔코,System1(단기),청산,False,False,True,False,3070.0,3740.0,3000.0,0.841,253.75,,
065060,지엔코,System2(중장기),청산,False,False,True,False,3070.0,3740.0,3000.0,0.841,253.75,,
065170,비엘팜텍,System1(단기),청산,False,False,True,False,2175.0,2825.0,2155.0,0.795,239.25,,
065500,오리엔트정공,System1(단기),청산,False,False,True,False,1013.0,1210.0,1002.0,0.858,47.35,,
065500,오리엔트정공,System2(중장기),청산,False,False,True,False,1013.0,1311.0,1002.0,0.792,47.35,,
065420,에스아이리소스,System1(단기),진입,True,True,True,False,940.0,940.0,0.0,0.0,940.0,,
065420,에스아이리소스,System2(중장기),청산,False,False,True,False,940.0,2300.0,0.0,0.0,940.0,,
065450,빅텍,System2(중장기),관심,False,False,False,True,3110.0,3335.0,2610.0,0.999,154.5,,
065660,안트로젠,System1(단기),청산,False,False,True,False,14740.0,16190.0,14110.0,0.914,616.0,,
065660,안트로젠,System2(중장기),청산,False,False,True,False,14740.0,20300.0,14110.0,0.729,616.0,,
065650,하이퍼코퍼레이션,System1(단기),청산,False,False,True,False,1395.0,1869.0,1397.0,0.827,137.15,,
065650,하이퍼코퍼레이션,System2(중장기),청산,False,False,True,False,1395.0,2295.0,1397.0,0.673,137.15,,
065950,웰크론,System1(단기),청산,False,False,True,False,1113.0,1305.0,1112.0,0.873,55.45,,
065710,서호전기,System1(단기),청산,False,False,True,False,43550.0,46500.0,44100.0,0.975,1122.5,,
065710,서호전기,System2(중장기),청산,False,False,True,False,43550.0,47400.0,44100.0,0.957,1122.5,,
066790,씨씨에스,System2(중장기),진입,True,True,True,False,2205.0,2205.0,0.0,0.0,2205.0,,
067310,하나마이크론,System1(단기),관심,False,False,False,True,47000.0,47850.0,32600.0,0.994,2358.75,,
067310,하나마이크론,System2(중장기),관심,False,False,False,True,47000.0,47850.0,32600.0,0.994,2358.75,,
067730,로지시스,System1(단기),청산,False,False,True,False,2155.0,2340.0,2140.0,0.94,67.25,,
067730,로지시스,System2(중장기),청산,False,False,True,False,2155.0,2340.0,2140.0,0.94,67.25,,
067990,도이치모터스,System1(단기),관심,False,False,False,True,3860.0,3900.0,3735.0,0.996,65.0,,
068790,DMS,System1(단기),관심,False,False,False,True,8090.0,8160.0,6630.0,0.995,398.0,,
069920,엑시온그룹,System1(단기),청산,False,False,True,False,1115.0,1520.0,1080.0,0.776,152.35,,
069920,엑시온그룹,System2(중장기),청산,False,False,True,False,1115.0,1683.0,1055.0,0.701,152.35,,
070300,퀀텀레일,System1(단기),청산,False,False,True,False,699.0,1829.0,865.0,0.47,140.85,,
070300,퀀텀레일,System2(중장기),청산,False,False,True,False,699.0,2185.0,865.0,0.393,140.85,,
070590,인티큐브,System1(단기),관심,False,False,False,True,2137.0,2205.0,2000.0,0.995,118.1,,
070590,인티큐브,System2(중장기),관심,False,False,False,True,2137.0,2205.0,1802.0,0.995,118.1,,
072770,멤레이비티,System1(단기),청산,False,False,True,False,693.0,1000.0,695.0,0.72,74.45,,
072770,멤레이비티,System2(중장기),청산,False,False,True,False,693.0,1150.0,695.0,0.626,74.45,,
073110,엘엠에스,System1(단기),관심,False,False,False,True,5190.0,5410.0,4920.0,0.998,171.5,,
073110,엘엠에스,System2(중장기),관심,False,False,False,True,5190.0,5410.0,4700.0,0.998,171.5,,
073190,듀오백,System2(중장기),청산,False,False,True,False,1622.0,1690.0,0.0,0.0,1622.0,,
073560,우리손에프앤지,System1(단기),청산,False,False,True,False,1509.0,1659.0,1508.0,0.916,31.8,,
076080,웰크론한텍,System1(단기),청산,False,False,True,False,1037.0,1254.0,1042.0,0.877,74.35,,
076080,웰크론한텍,System2(중장기),청산,False,False,True,False,1037.0,1254.0,1042.0,0.877,74.35,,
077360,덕산하이메탈,System1(단기),관심,False,False,False,True,12970.0,14260.0,9630.0,0.999,809.0,,
077360,덕산하이메탈,System2(중장기),관심,False,False,False,True,12970.0,14260.0,9280.0,0.999,809.0,,
078590,휴림에이텍,System1(단기),청산,False,False,True,False,2700.0,3515.0,2690.0,0.808,170.5,,
078590,휴림에이텍,System2(중장기),청산,False,False,True,False,2700.0,4400.0,2690.0,0.645,170.5,,
078340,컴투스,System1(단기),관심,False,False,False,True,37350.0,38800.0,33200.0,0.991,1770.0,,
079170,한창산업,System1(단기),청산,False,False,True,False,5470.0,6300.0,5500.0,0.883,245.5,,
079170,한창산업,System2(중장기),청산,False,False,True,False,5470.0,6300.0,5500.0,0.883,245.5,,
079650,서산,System1(단기),청산,False,False,True,False,5800.0,9000.0,5850.0,0.687,883.0,,
080720,한국유니온제약,System2(중장기),진입,True,True,True,False,2410.0,2410.0,0.0,0.0,2410.0,,
083660,CSA 코스믹,System1(단기),청산,False,False,True,False,1382.0,1920.0,1361.0,0.735,146.7,,
083660,CSA 코스믹,System2(중장기),청산,False,False,True,False,1382.0,2400.0,1361.0,0.588,146.7,,
084370,유진테크,System1(단기),진입,True,True,False,False,167800.0,167500.0,123800.0,1.027,9867.5,,
086670,비엠티,System1(단기),관심,False,False,False,True,19290.0,19740.0,16470.0,0.998,677.0,,
086670,비엠티,System2(중장기),관심,False,False,False,True,19290.0,19740.0,16020.0,0.998,677.0,,
087260,모바일어플라이언스,System2(중장기),청산,False,False,True,False,247.0,325.0,0.0,0.0,247.0,,
086980,쇼박스,System1(단기),청산,False,False,True,False,1759.0,2045.0,1775.0,0.896,64.0,,
086980,쇼박스,System2(중장기),청산,False,False,True,False,1759.0,2320.0,1775.0,0.79,64.0,,
088130,동아엘텍,System1(단기),청산,False,False,True,False,5510.0,6000.0,5450.0,0.945,273.5,,
088910,동우팜투테이블,System1(단기),청산,False,False,True,False,1968.0,2125.0,1957.0,0.935,47.15,,
088910,동우팜투테이블,System2(중장기),청산,False,False,True,False,1968.0,2240.0,1957.0,0.887,47.15,,
089150,케이씨티,System1(단기),청산,False,False,True,False,1613.0,1896.0,1606.0,0.856,55.95,,
089150,케이씨티,System2(중장기),청산,False,False,True,False,1613.0,2100.0,1606.0,0.773,55.95,,
089790,제이티,System1(단기),진입,True,True,False,False,6190.0,6190.0,4665.0,1.031,437.0,,
089790,제이티,System2(중장기),진입,True,True,False,False,6190.0,6190.0,3755.0,1.031,437.0,,
089970,브이엠,System1(단기),진입,True,True,False,False,63600.0,63500.0,46300.0,1.055,3737.5,,
090150,아이윈,System1(단기),청산,False,False,True,False,5930.0,6220.0,5830.0,0.982,275.5,,
090470,제이스로보틱스,System1(단기),청산,False,False,True,False,4045.0,5990.0,4020.0,0.709,409.25,,
090470,제이스로보틱스,System2(중장기),청산,False,False,True,False,4045.0,5990.0,4020.0,0.709,409.25,,
093920,서원인텍,System1(단기),청산,False,False,True,False,4785.0,4975.0,4740.0,0.969,96.25,,
093920,서원인텍,System2(중장기),청산,False,False,True,False,4785.0,4980.0,4740.0,0.968,96.25,,
095910,에스에너지,System1(단기),청산,False,False,True,False,541.0,675.0,542.0,0.83,25.95,,
095910,에스에너지,System2(중장기),청산,False,False,True,False,541.0,980.0,542.0,0.571,25.95,,
096530,씨젠,System1(단기),관심,False,False,False,True,35300.0,35600.0,31300.0,0.996,1141.25,,
096530,씨젠,System2(중장기),관심,False,False,False,True,35300.0,35750.0,29900.0,0.992,1141.25,,
097780,에코볼트,System1(단기),청산,False,False,True,False,1468.0,1896.0,1450.0,0.777,93.7,,
097780,에코볼트,System2(중장기),청산,False,False,True,False,1468.0,1896.0,1450.0,0.777,93.7,,
100120,뷰웍스,System1(단기),진입,True,True,False,False,27550.0,27550.0,24650.0,1.004,945.0,,
103230,에스앤더블류,System1(단기),청산,False,False,True,False,1750.0,2535.0,1950.0,0.775,141.7,,
103230,에스앤더블류,System2(중장기),청산,False,False,True,False,1750.0,2850.0,1950.0,0.689,141.7,,
104040,디에스엠,System1(단기),관심,False,False,False,True,2735.0,2790.0,2215.0,0.998,191.0,,
105550,엣지파운드리,System1(단기),청산,False,False,True,False,1579.0,2060.0,1570.0,0.787,70.2,,
105550,엣지파운드리,System2(중장기),청산,False,False,True,False,1579.0,3820.0,1570.0,0.424,70.2,,
109670,씨싸이트,System1(단기),진입,True,True,True,False,16730.0,16730.0,5490.0,0.0,1834.25,,
109670,씨싸이트,System2(중장기),진입,True,True,True,False,16730.0,16730.0,3735.0,0.0,1834.25,,
109820,진매트릭스,System1(단기),청산,False,False,True,False,1534.0,1875.0,1512.0,0.837,77.15,,
109820,진매트릭스,System2(중장기),청산,False,False,True,False,1534.0,1895.0,1512.0,0.828,77.15,,
114810,한솔아이원스,System1(단기),관심,False,False,False,True,15000.0,15410.0,11870.0,0.996,839.5,,
114810,한솔아이원스,System2(중장기),관심,False,False,False,True,15000.0,15410.0,11870.0,0.996,839.5,,
122690,서진오토모티브,System1(단기),청산,False,False,True,False,1617.0,1750.0,1571.0,0.935,55.85,,
122690,서진오토모티브,System2(중장기),청산,False,False,True,False,1617.0,1895.0,1571.0,0.864,55.85,,
129920,대성하이텍,System1(단기),관심,False,False,False,True,6750.0,7000.0,4635.0,0.993,478.0,,
127120,제이에스링크,System1(단기),청산,False,False,True,False,30800.0,35150.0,29200.0,0.878,2170.0,,
127120,제이에스링크,System2(중장기),청산,False,False,True,False,30800.0,43500.0,29200.0,0.709,2170.0,,
130740,티피씨글로벌,System1(단기),청산,False,False,True,False,1810.0,2200.0,1811.0,0.852,103.35,,
130740,티피씨글로벌,System2(중장기),청산,False,False,True,False,1810.0,2250.0,1811.0,0.833,103.35,,
131090,시큐브,System1(단기),탈락,False,False,False,True,4350.0,4370.0,4125.0,0.998,121.5,,
131090,시큐브,System2(중장기),탈락,False,False,False,True,4350.0,4370.0,4115.0,0.998,121.5,,
131220,대한과학,System1(단기),청산,False,False,True,False,3540.0,3780.0,3520.0,0.943,92.5,,
131220,대한과학,System2(중장기),청산,False,False,True,False,3540.0,4035.0,3520.0,0.884,92.5,,
131760,파인텍,System1(단기),청산,False,False,True,False,1199.0,1897.0,1185.0,0.656,169.85,,
131400,이브이첨단소재,System1(단기),청산,False,False,True,False,766.0,894.0,0.0,0.0,560.85,,
131400,이브이첨단소재,System2(중장기),청산,False,False,True,False,766.0,1200.0,0.0,0.0,560.85,,
136480,하림,System1(단기),관심,False,False,False,True,2670.0,2700.0,2575.0,0.991,35.0,,
137940,넥스트아이,System1(단기),청산,False,False,True,False,1808.0,2140.0,1800.0,0.853,97.0,,
137940,넥스트아이,System2(중장기),청산,False,False,True,False,1808.0,2355.0,1800.0,0.775,97.0,,
142760,모아라이프플러스,System1(단기),청산,False,False,True,False,488.0,1179.0,464.0,0.423,88.7,,
142760,모아라이프플러스,System2(중장기),청산,False,False,True,False,488.0,1179.0,464.0,0.423,88.7,,
143240,사람인,System1(단기),관심,False,False,False,True,17420.0,17790.0,16810.0,0.995,493.5,,
143240,사람인,System2(중장기),관심,False,False,False,True,17420.0,17790.0,16650.0,0.995,493.5,,
153890,져스텍,System1(단기),청산,False,False,True,False,9520.0,12070.0,9600.0,0.828,917.5,,
153890,져스텍,System2(중장기),청산,False,False,True,False,9520.0,15090.0,9600.0,0.662,917.5,,
153460,네이블,System1(단기),청산,False,False,True,False,5280.0,6500.0,5310.0,0.825,355.0,,
153460,네이블,System2(중장기),청산,False,False,True,False,5280.0,7560.0,5310.0,0.709,355.0,,
155650,와이엠씨,System2(중장기),관심,False,False,False,True,3450.0,3540.0,2970.0,0.994,153.5,,
159910,에코글로우,System1(단기),청산,False,False,True,False,2900.0,3245.0,2915.0,0.918,133.5,,
159910,에코글로우,System2(중장기),청산,False,False,True,False,2900.0,3485.0,2915.0,0.855,133.5,,
173940,에프엔씨엔터,System1(단기),청산,False,False,True,False,1970.0,2320.0,1958.0,0.853,80.55,,
173940,에프엔씨엔터,System2(중장기),청산,False,False,True,False,1970.0,2435.0,1958.0,0.813,80.55,,
175250,아이큐어,System1(단기),청산,False,False,True,False,1598.0,3300.0,1583.0,0.507,200.5,,
175250,아이큐어,System2(중장기),청산,False,False,True,False,1598.0,3300.0,1583.0,0.507,200.5,,
177350,베셀,System1(단기),청산,False,False,True,False,1338.0,2030.0,1448.0,0.735,131.5,,
177350,베셀,System2(중장기),청산,False,False,True,False,1338.0,2030.0,1448.0,0.735,131.5,,
189330,씨이랩,System1(단기),청산,False,False,True,False,10070.0,12980.0,10240.0,0.823,967.25,,
189330,씨이랩,System2(중장기),청산,False,False,True,False,10070.0,19100.0,10240.0,0.559,967.25,,
189690,포시에스,System1(단기),청산,False,False,True,False,1480.0,1620.0,1464.0,0.926,45.2,,
189690,포시에스,System2(중장기),청산,False,False,True,False,1480.0,1724.0,1464.0,0.87,45.2,,
192440,슈피겐코리아,System1(단기),청산,False,False,True,False,29700.0,31150.0,29350.0,0.976,947.5,,
196300,HLB펩,System1(단기),청산,False,False,True,False,4575.0,5810.0,4125.0,0.812,339.25,,
196300,HLB펩,System2(중장기),청산,False,False,True,False,4575.0,5810.0,4100.0,0.812,339.25,,
196700,웹스,System1(단기),청산,False,False,True,False,1252.0,1495.0,1251.0,0.849,70.7,,
196700,웹스,System2(중장기),청산,False,False,True,False,1252.0,1519.0,1251.0,0.835,70.7,,
199730,바이오인프라,System1(단기),청산,False,False,True,False,665.0,1640.0,675.0,0.425,157.2,,
199730,바이오인프라,System2(중장기),청산,False,False,True,False,665.0,3435.0,675.0,0.203,157.2,,
203400,에이비온,System2(중장기),청산,False,False,True,False,676.0,1093.0,0.0,0.0,676.0,,
204840,지엘팜텍,System1(단기),청산,False,False,True,False,4250.0,5950.0,4165.0,0.721,414.75,,
204840,지엘팜텍,System2(중장기),청산,False,False,True,False,4250.0,5950.0,4165.0,0.721,414.75,,
205470,휴마시스,System1(단기),청산,False,False,True,False,2530.0,3450.0,2550.0,0.754,170.0,,
205470,휴마시스,System2(중장기),청산,False,False,True,False,2530.0,3650.0,2550.0,0.712,170.0,,
206400,베노티앤알,System1(단기),관심,False,False,False,True,885.0,995.0,511.0,0.995,107.25,,
211050,인카금융서비스,System1(단기),청산,False,False,True,False,9450.0,11470.0,9580.0,0.867,453.0,,
211050,인카금융서비스,System2(중장기),청산,False,False,True,False,9450.0,11470.0,9580.0,0.867,453.0,,
214270,FSN,System1(단기),관심,False,False,False,True,1378.0,1399.0,1270.0,0.993,50.65,,
214450,파마리서치,System1(단기),청산,False,False,True,False,309500.0,462500.0,312000.0,0.69,15575.0,,
214450,파마리서치,System2(중장기),청산,False,False,True,False,309500.0,465500.0,312000.0,0.685,15575.0,,
215200,메가스터디교육,System1(단기),관심,False,False,False,True,36500.0,37400.0,33650.0,0.991,957.5,,
216080,제테마,System1(단기),청산,False,False,True,False,5990.0,7590.0,6380.0,0.899,573.25,,
218150,미래생명자원,System1(단기),청산,False,False,True,False,1907.0,2375.0,1890.0,0.804,96.85,,
218150,미래생명자원,System2(중장기),청산,False,False,True,False,1907.0,3180.0,1890.0,0.601,96.85,,
224110,에이텍모빌리티,System1(단기),청산,False,False,True,False,8100.0,9980.0,8020.0,0.82,493.25,,
224110,에이텍모빌리티,System2(중장기),청산,False,False,True,False,8100.0,9980.0,8020.0,0.82,493.25,,
225590,패션플랫폼,System1(단기),청산,False,False,True,False,2980.0,3400.0,3055.0,0.912,130.5,,
225590,패션플랫폼,System2(중장기),청산,False,False,True,False,2980.0,3460.0,3050.0,0.896,130.5,,
225430,케이엠제약,System1(단기),청산,False,False,True,False,698.0,1449.0,0.0,0.0,465.45,,
225430,케이엠제약,System2(중장기),청산,False,False,True,False,698.0,1910.0,0.0,0.0,465.45,,
225570,넥슨게임즈,System1(단기),청산,False,False,True,False,10410.0,12000.0,10400.0,0.916,491.5,,
225570,넥슨게임즈,System2(중장기),청산,False,False,True,False,10410.0,12000.0,10400.0,0.916,491.5,,
227610,아우딘퓨쳐스,System1(단기),청산,False,False,True,False,998.0,1350.0,985.0,0.756,88.95,,
227610,아우딘퓨쳐스,System2(중장기),청산,False,False,True,False,998.0,1639.0,985.0,0.622,88.95,,
229000,젠큐릭스,System1(단기),청산,False,False,True,False,1957.0,2370.0,0.0,0.0,1051.9,,
229000,젠큐릭스,System2(중장기),청산,False,False,True,False,1957.0,2370.0,0.0,0.0,1051.9,,
232140,와이씨,System1(단기),관심,False,False,False,True,14700.0,15550.0,11000.0,0.994,901.75,,
232140,와이씨,System2(중장기),관심,False,False,False,True,14700.0,15550.0,10460.0,0.994,901.75,,
234100,폴라리스세원,System1(단기),청산,False,False,True,False,2535.0,2900.0,2535.0,0.909,130.75,,
234100,폴라리스세원,System2(중장기),청산,False,False,True,False,2535.0,2955.0,2535.0,0.892,130.75,,
237880,클리오,System1(단기),청산,False,False,True,False,11800.0,13550.0,11870.0,0.897,407.0,,
237880,클리오,System2(중장기),청산,False,False,True,False,11800.0,14800.0,11850.0,0.821,407.0,,
241710,코스메카코리아,System1(단기),청산,False,False,True,False,117800.0,155500.0,123500.0,0.848,8690.0,,
246710,티앤알바이오팹,System1(단기),청산,False,False,True,False,2130.0,2400.0,2140.0,0.906,110.0,,
246710,티앤알바이오팹,System2(중장기),청산,False,False,True,False,2130.0,3265.0,2130.0,0.666,110.0,,
251120,바이오에프디엔씨,System2(중장기),진입,True,True,False,False,9950.0,9910.0,8340.0,1.018,376.5,,
250930,예선테크,System1(단기),청산,False,False,True,False,507.0,1931.0,524.0,0.297,150.2,,
250930,예선테크,System2(중장기),청산,False,False,True,False,507.0,2020.0,524.0,0.284,150.2,,
251370,와이엠티,System1(단기),탈락,False,False,False,True,8840.0,9230.0,6920.0,0.992,480.5,,
254120,자비스,System1(단기),청산,False,False,True,False,910.0,1086.0,0.0,0.0,222.9,,
254120,자비스,System2(중장기),청산,False,False,True,False,910.0,1086.0,0.0,0.0,222.9,,
259630,엠플러스,System1(단기),관심,False,False,False,True,9450.0,9810.0,8900.0,0.999,373.5,,
263600,덕우전자,System1(단기),청산,False,False,True,False,3370.0,3985.0,3315.0,0.875,203.5,,
263600,덕우전자,System2(중장기),청산,False,False,True,False,3370.0,3985.0,3315.0,0.875,203.5,,
263690,디알젬,System1(단기),관심,False,False,False,True,5110.0,5200.0,4815.0,0.99,103.5,,
263700,케어랩스,System1(단기),관심,False,False,False,True,2280.0,2345.0,1900.0,0.994,99.1,,
263700,케어랩스,System2(중장기),관심,False,False,False,True,2280.0,2345.0,1860.0,0.994,99.1,,
263800,데이타솔루션,System1(단기),청산,False,False,True,False,4495.0,5180.0,4470.0,0.886,215.75,,
263800,데이타솔루션,System2(중장기),청산,False,False,True,False,4495.0,8730.0,4470.0,0.526,215.75,,
267980,매일유업,System1(단기),청산,False,False,True,False,33000.0,35000.0,32800.0,0.951,600.0,,
267980,매일유업,System2(중장기),청산,False,False,True,False,33000.0,36000.0,32800.0,0.925,600.0,,
270520,앱튼,System1(단기),청산,False,False,True,False,831.0,3695.0,991.0,0.242,397.5,,
270520,앱튼,System2(중장기),청산,False,False,True,False,831.0,4125.0,991.0,0.217,397.5,,
272290,이녹스첨단소재,System1(단기),관심,False,False,False,True,21500.0,21900.0,19760.0,0.998,762.0,,
274400,이노시뮬레이션,System1(단기),청산,False,False,True,False,1996.0,2345.0,2000.0,0.876,117.5,,
274400,이노시뮬레이션,System2(중장기),청산,False,False,True,False,1996.0,2490.0,2000.0,0.825,117.5,,
273060,와이즈버즈,System1(단기),청산,False,False,True,False,3720.0,5590.0,3700.0,0.691,243.5,,
273060,와이즈버즈,System2(중장기),청산,False,False,True,False,3720.0,5590.0,3700.0,0.691,243.5,,
276730,한울앤제주,System1(단기),청산,False,False,True,False,883.0,1500.0,883.0,0.647,113.4,,
276730,한울앤제주,System2(중장기),청산,False,False,True,False,883.0,4221.0,883.0,0.23,113.4,,
289010,아이스크림에듀,System1(단기),청산,False,False,True,False,806.0,1180.0,862.0,0.792,77.55,,
289010,아이스크림에듀,System2(중장기),청산,False,False,True,False,806.0,1180.0,862.0,0.792,77.55,,
291810,핀텔,System1(단기),청산,False,False,True,False,409.0,1993.0,584.0,0.205,224.3,,
291810,핀텔,System2(중장기),청산,False,False,True,False,409.0,1993.0,584.0,0.205,224.3,,
300120,라온피플,System1(단기),청산,False,False,True,False,2875.0,4100.0,2940.0,0.743,319.0,,
303030,지니틱스,System1(단기),청산,False,False,True,False,1300.0,2155.0,1285.0,0.622,148.75,,
303030,지니틱스,System2(중장기),청산,False,False,True,False,1300.0,2405.0,1285.0,0.557,148.75,,
303360,프로티아,System1(단기),진입,True,True,False,False,5960.0,5940.0,4910.0,1.044,265.0,,
303360,프로티아,System2(중장기),진입,True,True,False,False,5960.0,5940.0,4910.0,1.044,265.0,,
304840,피플바이오,System2(중장기),청산,False,False,True,False,561.0,1108.0,0.0,0.0,561.0,,
305090,마이크로디지탈,System1(단기),청산,False,False,True,False,538.0,1660.0,0.0,0.0,508.75,,
305090,마이크로디지탈,System2(중장기),청산,False,False,True,False,538.0,2260.0,0.0,0.0,508.75,,
308100,형지글로벌,System1(단기),청산,False,False,True,False,251.0,399.0,258.0,0.694,34.35,,
308100,형지글로벌,System2(중장기),청산,False,False,True,False,251.0,691.0,258.0,0.401,34.35,,
310200,애니플러스,System1(단기),관심,False,False,False,True,2070.0,2125.0,1885.0,0.998,68.45,,
318000,KBG,System1(단기),청산,False,False,True,False,2655.0,3140.0,2655.0,0.861,100.75,,
318000,KBG,System2(중장기),청산,False,False,True,False,2655.0,3145.0,2655.0,0.86,100.75,,
322780,코퍼스코리아,System1(단기),청산,False,False,True,False,1620.0,2245.0,1655.0,0.751,176.0,,
322780,코퍼스코리아,System2(중장기),청산,False,False,True,False,1620.0,2575.0,1655.0,0.655,176.0,,
340440,세림B&G,System1(단기),청산,False,False,True,False,756.0,865.0,0.0,0.0,549.6,,
340440,세림B&G,System2(중장기),청산,False,False,True,False,756.0,1236.0,0.0,0.0,549.6,,
347740,피엔케이피부임상연구센타,System1(단기),청산,False,False,True,False,1648.0,1839.0,1680.0,0.937,56.45,,
347740,피엔케이피부임상연구센타,System2(중장기),청산,False,False,True,False,1648.0,2030.0,1680.0,0.849,56.45,,
352940,인바이오,System1(단기),청산,False,False,True,False,2005.0,2440.0,2040.0,0.859,161.55,,
354200,엔젠바이오,System1(단기),청산,False,False,True,False,842.0,2220.0,886.0,0.426,178.7,,
354200,엔젠바이오,System2(중장기),청산,False,False,True,False,842.0,2850.0,886.0,0.332,178.7,,
355150,코스텍시스,System1(단기),진입,True,True,False,False,22550.0,22500.0,18420.0,1.067,1617.5,,
358570,지아이이노베이션,System1(단기),청산,False,False,True,False,8020.0,9800.0,7850.0,0.832,664.5,,
360070,탑머티리얼,System1(단기),관심,False,False,False,True,9470.0,9660.0,8080.0,0.999,472.0,,
361570,알비더블유,System1(단기),청산,False,False,True,False,1580.0,1870.0,1580.0,0.868,90.45,,
363260,모비데이즈,System1(단기),청산,False,False,True,False,4015.0,5950.0,3900.0,0.675,400.75,,
363260,모비데이즈,System2(중장기),청산,False,False,True,False,4015.0,5950.0,3900.0,0.675,400.75,,
368600,아이씨에이치,System1(단기),청산,False,False,True,False,956.0,1290.0,0.0,0.0,613.2,,
368600,아이씨에이치,System2(중장기),청산,False,False,True,False,956.0,1636.0,0.0,0.0,613.2,,
373160,데이원컴퍼니,System2(중장기),관심,False,False,False,True,3425.0,3675.0,2930.0,0.996,215.5,,
371950,풍원정밀,System1(단기),청산,False,False,True,False,3045.0,3925.0,2715.0,0.8,322.75,,
371950,풍원정밀,System2(중장기),청산,False,False,True,False,3045.0,6480.0,2715.0,0.485,322.75,,
373170,엠아이큐브솔루션,System1(단기),청산,False,False,True,False,1743.0,2870.0,1749.0,0.622,173.85,,
376900,로킷헬스케어,System1(단기),청산,False,False,True,False,26900.0,32900.0,27150.0,0.839,2182.5,,
378340,필에너지,System1(단기),관심,False,False,False,True,12180.0,12560.0,11170.0,0.995,588.0,,
378340,필에너지,System2(중장기),관심,False,False,False,True,12180.0,12560.0,10800.0,0.995,588.0,,
388210,씨엠티엑스,System1(단기),관심,False,False,False,True,88300.0,89900.0,68500.0,0.996,4710.0,,
389140,포바이포,System1(단기),청산,False,False,True,False,5200.0,5800.0,5200.0,0.931,238.0,,
389470,인벤티지랩,System1(단기),청산,False,False,True,False,25350.0,31050.0,23600.0,0.826,1786.25,,
389470,인벤티지랩,System2(중장기),청산,False,False,True,False,25350.0,38350.0,23600.0,0.669,1786.25,,
394420,리센스메디컬,System1(단기),청산,False,False,True,False,8830.0,11700.0,8880.0,0.794,772.0,,
394420,리센스메디컬,System2(중장기),청산,False,False,True,False,8830.0,15370.0,8880.0,0.604,772.0,,
402030,코난테크놀로지,System1(단기),청산,False,False,True,False,12560.0,14430.0,12450.0,0.889,511.5,,
402030,코난테크놀로지,System2(중장기),청산,False,False,True,False,12560.0,18600.0,12450.0,0.69,511.5,,
405100,큐알티,System1(단기),관심,False,False,False,True,14140.0,14600.0,12980.0,0.997,682.0,,
405100,큐알티,System2(중장기),관심,False,False,False,True,14140.0,14600.0,11980.0,0.997,682.0,,
417500,제이아이테크,System1(단기),관심,False,False,False,True,4055.0,4195.0,3700.0,0.993,200.5,,
418620,E8,System1(단기),청산,False,False,True,False,588.0,928.0,606.0,0.69,104.7,,
439960,코스모로보틱스,System1(단기),청산,False,False,True,False,7520.0,13500.0,7940.0,0.557,824.25,,
439960,코스모로보틱스,System2(중장기),청산,False,False,True,False,7520.0,21700.0,7940.0,0.347,824.25,,
439090,마녀공장,System1(단기),청산,False,False,True,False,14830.0,17800.0,14840.0,0.849,575.0,,
439090,마녀공장,System2(중장기),청산,False,False,True,False,14830.0,21250.0,14840.0,0.712,575.0,,
443670,에스피소프트,System1(단기),청산,False,False,True,False,4745.0,6390.0,4740.0,0.764,519.5,,
445680,큐리옥스바이오시스템즈,System2(중장기),탈락,False,False,False,True,56500.0,59000.0,45250.0,0.993,2927.5,,
452280,한선엔지니어링,System1(단기),관심,False,False,False,True,13450.0,14270.0,10460.0,0.995,957.5,,
452400,이닉스,System1(단기),청산,False,False,True,False,5350.0,6290.0,5340.0,0.871,240.0,,
452400,이닉스,System2(중장기),청산,False,False,True,False,5350.0,6290.0,5340.0,0.871,240.0,,
453860,에이에스텍,System1(단기),청산,False,False,True,False,7520.0,8760.0,7500.0,0.877,345.5,,
453860,에이에스텍,System2(중장기),청산,False,False,True,False,7520.0,10310.0,7500.0,0.745,345.5,,
457600,벡트,System1(단기),청산,False,False,True,False,3900.0,5700.0,3850.0,0.7,577.0,,
457600,벡트,System2(중장기),청산,False,False,True,False,3900.0,5700.0,3850.0,0.7,577.0,,
459510,나우로보틱스,System1(단기),청산,False,False,True,False,15420.0,17940.0,15400.0,0.869,919.0,,
464280,티디에스팜,System1(단기),청산,False,False,True,False,5360.0,6240.0,5400.0,0.88,241.5,,
464280,티디에스팜,System2(중장기),청산,False,False,True,False,5360.0,6340.0,5400.0,0.866,241.5,,
466690,키움히어로제1호스팩,System1(단기),관심,False,False,False,True,2000.0,2025.0,1951.0,0.99,23.45,,
469480,IBKS제24호스팩,System1(단기),관심,False,False,False,True,3045.0,3370.0,0.0,0.996,1531.5,,
469480,IBKS제24호스팩,System2(중장기),관심,False,False,False,True,3045.0,3370.0,0.0,0.996,1531.5,,
469750,아이비젼웍스,System1(단기),청산,False,False,True,False,991.0,1040.0,0.0,0.0,708.85,,
469750,아이비젼웍스,System2(중장기),청산,False,False,True,False,991.0,1189.0,0.0,0.0,708.85,,
469900,하나31호스팩,System1(단기),진입,True,True,False,False,2105.0,2105.0,0.0,1.0,112.75,,
469900,하나31호스팩,System2(중장기),진입,True,True,False,False,2105.0,2105.0,0.0,1.0,112.75,,
472230,에스케이증권제11호스팩,System1(단기),관심,False,False,False,True,2105.0,2110.0,0.0,0.998,109.5,,
472230,에스케이증권제11호스팩,System2(중장기),관심,False,False,False,True,2105.0,2110.0,0.0,0.998,109.5,,
472850,폰드그룹,System1(단기),청산,False,False,True,False,4735.0,5500.0,4770.0,0.895,179.0,,
472850,폰드그룹,System2(중장기),청산,False,False,True,False,4735.0,6090.0,4770.0,0.809,179.0,,
474610,RF시스템즈,System1(단기),관심,False,False,False,True,7920.0,8210.0,6700.0,0.999,451.0,,
475040,스트라드비젼,System1(단기),청산,False,False,True,False,2975.0,4015.0,2985.0,0.76,272.0,,
474930,신한제13호스팩,System1(단기),관심,False,False,False,True,2095.0,2115.0,2070.0,0.991,14.25,,
474930,신한제13호스팩,System2(중장기),관심,False,False,False,True,2095.0,2115.0,2070.0,0.991,14.25,,
476830,알지노믹스,System1(단기),청산,False,False,True,False,24300.0,30450.0,23500.0,0.813,1877.5,,
476830,알지노믹스,System2(중장기),청산,False,False,True,False,24300.0,39200.0,23500.0,0.631,1877.5,,
475660,에스켐,System1(단기),청산,False,False,True,False,2905.0,3430.0,2900.0,0.904,168.0,,
475660,에스켐,System2(중장기),청산,False,False,True,False,2905.0,3850.0,2900.0,0.805,168.0,,
477380,미래에셋비전스팩4호,System1(단기),관심,False,False,False,True,2080.0,2095.0,2040.0,0.995,14.25,,
478110,이베스트스팩6호,System1(단기),관심,False,False,False,True,2055.0,2065.0,2045.0,0.995,8.25,,
478110,이베스트스팩6호,System2(중장기),관심,False,False,False,True,2055.0,2070.0,2030.0,0.993,8.25,,
477760,DB금융스팩12호,System1(단기),관심,False,False,False,True,2070.0,2085.0,2050.0,0.995,15.5,,
478440,미래에셋비전스팩6호,System1(단기),관심,False,False,False,True,2065.0,2090.0,2045.0,0.99,16.5,,
478440,미래에셋비전스팩6호,System2(중장기),관심,False,False,False,True,2065.0,2090.0,2045.0,0.99,16.5,,
479880,한국제15호스팩,System1(단기),관심,False,False,False,True,2070.0,2095.0,2040.0,0.99,14.75,,
479880,한국제15호스팩,System2(중장기),관심,False,False,False,True,2070.0,2095.0,2040.0,0.99,14.75,,
482520,교보16호스팩,System1(단기),청산,False,False,True,False,2065.0,2150.0,0.0,0.0,630.75,,
482520,교보16호스팩,System2(중장기),청산,False,False,True,False,2065.0,2150.0,0.0,0.0,630.75,,
484120,도우인시스,System1(단기),관심,False,False,False,True,24000.0,24950.0,17830.0,0.998,1546.0,,
484120,도우인시스,System2(중장기),관심,False,False,False,True,24000.0,24950.0,17650.0,0.998,1546.0,,
487360,신한제14호스팩,System1(단기),관심,False,False,False,True,2025.0,2040.0,2005.0,0.998,13.35,,
487360,신한제14호스팩,System2(중장기),관심,False,False,False,True,2025.0,2040.0,2005.0,0.998,13.35,,
489480,키움제11호스팩,System1(단기),청산,False,False,True,False,2200.0,2240.0,0.0,0.0,1336.25,,
489480,키움제11호스팩,System2(중장기),청산,False,False,True,False,2200.0,2240.0,0.0,0.0,1336.25,,
489500,엘케이켐,System1(단기),진입,True,True,False,False,23800.0,23800.0,19830.0,1.011,940.0,,
489730,디비금융제13호스팩,System1(단기),관심,False,False,False,True,2045.0,2060.0,2015.0,0.995,17.65,,
489730,디비금융제13호스팩,System2(중장기),관심,False,False,False,True,2045.0,2060.0,2015.0,0.995,17.65,,
493790,유안타제17호스팩,System1(단기),관심,False,False,False,True,2025.0,2035.0,2000.0,0.995,11.5,,
493790,유안타제17호스팩,System2(중장기),관심,False,False,False,True,2025.0,2035.0,2000.0,0.995,11.5,,
900120,씨엑스아이,System2(중장기),청산,False,False,True,False,1040.0,1230.0,0.0,0.0,1040.0,,
900100,파이온엑스,System1(단기),청산,False,False,True,False,1096.0,2605.0,0.0,0.0,367.2,,
900100,파이온엑스,System2(중장기),청산,False,False,True,False,1096.0,3740.0,0.0,0.0,367.2,,
130730,KIWOOM 단기자금,System1(단기),확정,False,False,False,True,103145.0,103165.0,103090.0,1.0,21.25,,103165.0
130730,KIWOOM 단기자금,System2(중장기),확정,False,False,False,True,103145.0,103165.0,103005.0,1.0,21.25,,103165.0
385550,RISE 단기채권알파액티브,System1(단기),확정,False,False,False,True,114305.0,114345.0,114085.0,1.0,64.5,,114355.0
385550,RISE 단기채권알파액티브,System2(중장기),확정,False,False,False,True,114305.0,114345.0,114085.0,1.0,64.5,,114355.0
471760,TIGER AI반도체핵심공정,System2(중장기),확정,False,False,False,True,15880.0,16025.0,13275.0,0.992,658.25,,16090.0
474590,WON 반도체밸류체인액티브,System1(단기),확정,False,False,False,True,49340.0,49510.0,42335.0,0.997,1792.75,,49625.0
480260,TIGER 27-04회사채(A+이상)액티브,System1(단기),확정,False,False,False,True,53880.0,53900.0,53845.0,1.0,20.25,,53905.0
480260,TIGER 27-04회사채(A+이상)액티브,System2(중장기),확정,False,False,False,True,53880.0,53900.0,53795.0,1.0,20.25,,53905.0
486830,HANARO 머니마켓액티브,System1(단기),확정,False,False,False,True,53415.0,53420.0,53330.0,1.0,13.25,,53420.0
486830,HANARO 머니마켓액티브,System2(중장기),확정,False,False,False,True,53415.0,53420.0,53270.0,1.0,13.25,,53420.0
0004Y0,디비금융제14호스팩,System1(단기),확정,False,False,False,True,1998.0,2010.0,1930.0,0.995,12.95,,2010.0
475250,하나33호스팩,System1(단기),확정,False,False,False,True,2080.0,2095.0,2070.0,0.998,6.6,,2095.0
475250,하나33호스팩,System2(중장기),확정,False,False,False,True,2080.0,2095.0,2070.0,0.998,6.6,,2095.0
497880,SOL CD금리&머니마켓액티브,System1(단기),확정,False,False,False,True,50150.0,50155.0,50065.0,1.0,10.8,,50015.0
497880,SOL CD금리&머니마켓액티브,System2(중장기),확정,False,False,False,True,50150.0,50155.0,50005.0,1.0,10.8,,50015.0
095610,테스,System1(단기),확정,False,False,False,True,161900.0,166300.0,126900.0,0.999,10980.0,,167000.0
000157,두산2우B,System1(단기),확정,False,False,False,True,402500.0,403500.0,346500.0,0.999,16925.0,,404000.0
471990,KODEX AI반도체핵심장비,System1(단기),확정,False,False,False,True,27350.0,27485.0,23700.0,0.995,1193.85,,27540.0
471990,KODEX AI반도체핵심장비,System2(중장기),확정,False,False,False,True,27350.0,27485.0,22780.0,0.995,1193.85,,27540.0
473490,KIWOOM 글로벌AI반도체,System1(단기),확정,False,False,False,True,32420.0,32675.0,28600.0,0.992,669.25,,32830.0
487570,HS효성,System1(단기),확정,False,False,False,True,49400.0,49750.0,47000.0,0.994,1315.0,,49800.0
008370,원풍,System1(단기),확정,False,False,False,True,5360.0,5430.0,4960.0,0.996,99.5,,5430.0
008370,원풍,System2(중장기),확정,False,False,False,True,5360.0,5430.0,4950.0,0.996,99.5,,5430.0
362990,드림인사이트,System1(단기),확정,False,False,False,True,1309.0,1334.0,1001.0,0.996,46.8,,1339.0
362990,드림인사이트,System2(중장기),확정,False,False,False,True,1309.0,1334.0,1001.0,0.996,46.8,,1339.0
0089C0,KODEX 미국S&P500변동성확대시커버드콜,System1(단기),확정,False,False,False,True,11455.0,11494.0,10985.0,0.999,85.65,,11500.0
483570,KCGI 미국S&P500 TOP10,System1(단기),확정,False,False,False,True,16060.0,16215.0,15135.0,0.997,275.5,,16285.0
101160,월덱스,System1(단기),확정,False,False,False,True,31100.0,31450.0,28900.0,0.994,1110.0,,31550.0
225800,KIWOOM 미국달러선물레버리지,System1(단기),확정,False,False,False,True,15070.0,15195.0,14040.0,0.997,195.5,,15165.0
261110,TIGER 미국달러선물레버리지,System1(단기),확정,False,False,False,True,16030.0,16185.0,14930.0,0.995,208.5,,16105.0
456200,PLUS 미국달러SOFR금리액티브(합성),System1(단기),확정,False,False,False,True,60070.0,60180.0,57990.0,0.998,305.75,,60245.0
459560,KODEX 테슬라밸류체인FactSet,System1(단기),확정,False,False,False,True,21870.0,22000.0,20775.0,0.995,461.0,,22000.0
214430,아이쓰리시스템,System1(단기),확정,False,False,False,True,62200.0,62900.0,53300.0,0.997,3185.0,,63100.0
449690,TIGER 한중반도체(합성),System1(단기),확정,False,False,False,True,49410.0,49655.0,45325.0,0.997,1513.0,,49680.0
239660,PLUS 우량회사채50,System1(단기),확정,False,False,False,True,121725.0,121845.0,119265.0,0.999,312.75,,122265.0
239660,PLUS 우량회사채50,System2(중장기),확정,False,False,False,True,121725.0,121845.0,119245.0,0.999,312.75,,122265.0
001230,동국홀딩스,System2(중장기),확정,False,False,False,True,2075.0,2090.0,1840.0,1.0,88.95,2090.0,2095.0
180640,한진칼,System2(중장기),확정,False,False,False,True,143000.0,143700.0,112100.0,1.021,7015.0,146700.0,143900.0
